-- Migration from Supabase to D1
PRAGMA defer_foreign_keys = ON;

DELETE FROM users;
INSERT INTO users (id, firebase_uid, email, password_hash, full_name, role, phone, avatar_url, created_at, is_verified, avatar_blob, avatar_mime, status) VALUES ('528', 'dUrEku9zsaSMQL9CGAnR2dB7nIA2', '103@gmail.com', 'firebase_oauth', 'test1', 'provider', NULL, NULL, '2025-12-30T17:58:26.000Z', 0, NULL, NULL, 'active');
INSERT INTO users (id, firebase_uid, email, password_hash, full_name, role, phone, avatar_url, created_at, is_verified, avatar_blob, avatar_mime, status) VALUES ('543', 'UfreOG3mYcaGlOHwLrSlzDk2QEI3', 'lidianosantos12345@gmail.com', 'firebase_oauth', 'lidiano Santos Barbosa', 'client', NULL, NULL, '2025-12-31T22:12:32.000Z', 0, NULL, NULL, 'active');
INSERT INTO users (id, firebase_uid, email, password_hash, full_name, role, phone, avatar_url, created_at, is_verified, avatar_blob, avatar_mime, status) VALUES ('832', '7kjf2J62g5a7Ki9SiXZaKwS8ORg1', 'barba@gmail.com', 'FIREBASE_AUTH', 'dono do barba', 'provider', NULL, NULL, '2026-01-09T21:32:10.000Z', 0, NULL, NULL, 'active');
INSERT INTO users (id, firebase_uid, email, password_hash, full_name, role, phone, avatar_url, created_at, is_verified, avatar_blob, avatar_mime, status) VALUES ('833', 'NDU3llLYndOdKs4neDfqh37PGyr2', 'cabelo@gmail.com', 'FIREBASE_AUTH', 'cabelo', 'provider', NULL, NULL, '2026-01-10T00:30:00.000Z', 0, NULL, NULL, 'active');
INSERT INTO users (id, firebase_uid, email, password_hash, full_name, role, phone, avatar_url, created_at, is_verified, avatar_blob, avatar_mime, status) VALUES ('834', 'hxnrP7t0MvSupIURtHsYS1x7meC3', 'refri@gmail.com', 'FIREBASE_AUTH', 'tecnico refrige', 'provider', NULL, NULL, '2026-01-10T00:46:41.000Z', 0, NULL, NULL, 'active');
INSERT INTO users (id, firebase_uid, email, password_hash, full_name, role, phone, avatar_url, created_at, is_verified, avatar_blob, avatar_mime, status) VALUES ('835', 'aQ6YeJRWwCTPiBLbTTl9PCp1ahk2', 'chave@gmail.com', 'FIREBASE_AUTH', 'chaveiro silva', 'provider', NULL, NULL, '2026-01-10T00:47:55.000Z', 0, NULL, NULL, 'active');
INSERT INTO users (id, firebase_uid, email, password_hash, full_name, role, phone, avatar_url, created_at, is_verified, avatar_blob, avatar_mime, status) VALUES ('836', 'NI9XZK7LIATdk8nTjYQo1LvqjnO2', 'cliente@gmail.com', 'FIREBASE_AUTH', 'cliente novo', 'client', NULL, NULL, '2026-01-10T08:05:06.000Z', 0, NULL, NULL, 'active');
INSERT INTO users (id, firebase_uid, email, password_hash, full_name, role, phone, avatar_url, created_at, is_verified, avatar_blob, avatar_mime, status) VALUES ('837', 'mock_client_test_1768037335947@example.com', 'client_test_1768037335947@example.com', 'FIREBASE_AUTH', 'Cliente Teste Local', 'client', NULL, NULL, '2026-01-10T09:28:55.000Z', 0, NULL, NULL, 'active');
INSERT INTO users (id, firebase_uid, email, password_hash, full_name, role, phone, avatar_url, created_at, is_verified, avatar_blob, avatar_mime, status) VALUES ('838', 'mock_client_test_1768037717637@example.com', 'client_test_1768037717637@example.com', 'FIREBASE_AUTH', 'Cliente Teste Local', 'client', NULL, NULL, '2026-01-10T09:35:17.000Z', 0, NULL, NULL, 'active');
INSERT INTO users (id, firebase_uid, email, password_hash, full_name, role, phone, avatar_url, created_at, is_verified, avatar_blob, avatar_mime, status) VALUES ('839', 'mock_client_test_1768037752232@example.com', 'client_test_1768037752232@example.com', 'FIREBASE_AUTH', 'Cliente Teste Local', 'client', NULL, NULL, '2026-01-10T09:35:51.000Z', 0, NULL, NULL, 'active');
INSERT INTO users (id, firebase_uid, email, password_hash, full_name, role, phone, avatar_url, created_at, is_verified, avatar_blob, avatar_mime, status) VALUES ('840', 'mock_client_test_1768037787838@example.com', 'client_test_1768037787838@example.com', 'FIREBASE_AUTH', 'Cliente Teste Local', 'client', NULL, NULL, '2026-01-10T09:36:27.000Z', 0, NULL, NULL, 'active');
INSERT INTO users (id, firebase_uid, email, password_hash, full_name, role, phone, avatar_url, created_at, is_verified, avatar_blob, avatar_mime, status) VALUES ('841', 'mock_client_test_1768037928517@example.com', 'client_test_1768037928517@example.com', 'FIREBASE_AUTH', 'Cliente Teste Local', 'client', NULL, NULL, '2026-01-10T09:38:48.000Z', 0, NULL, NULL, 'active');
INSERT INTO users (id, firebase_uid, email, password_hash, full_name, role, phone, avatar_url, created_at, is_verified, avatar_blob, avatar_mime, status) VALUES ('842', 'mock_client_test_1768040024903@example.com', 'client_test_1768040024903@example.com', 'FIREBASE_AUTH', 'Cliente Teste Local', 'client', NULL, NULL, '2026-01-10T10:13:44.000Z', 0, NULL, NULL, 'active');
INSERT INTO users (id, firebase_uid, email, password_hash, full_name, role, phone, avatar_url, created_at, is_verified, avatar_blob, avatar_mime, status) VALUES ('843', 'mock_client_test_1768040103551@example.com', 'client_test_1768040103551@example.com', 'FIREBASE_AUTH', 'Cliente Teste Local', 'client', NULL, NULL, '2026-01-10T10:15:03.000Z', 0, NULL, NULL, 'active');
INSERT INTO users (id, firebase_uid, email, password_hash, full_name, role, phone, avatar_url, created_at, is_verified, avatar_blob, avatar_mime, status) VALUES ('844', 'mock_client_test_1768040451407@example.com', 'client_test_1768040451407@example.com', 'FIREBASE_AUTH', 'Cliente Teste Local', 'client', NULL, NULL, '2026-01-10T10:20:50.000Z', 0, NULL, NULL, 'active');
INSERT INTO users (id, firebase_uid, email, password_hash, full_name, role, phone, avatar_url, created_at, is_verified, avatar_blob, avatar_mime, status) VALUES ('845', 'mock_client_test_1768040754573@example.com', 'client_test_1768040754573@example.com', 'FIREBASE_AUTH', 'Cliente Teste Local', 'client', NULL, NULL, '2026-01-10T10:25:54.000Z', 0, NULL, NULL, 'active');
INSERT INTO users (id, firebase_uid, email, password_hash, full_name, role, phone, avatar_url, created_at, is_verified, avatar_blob, avatar_mime, status) VALUES ('846', 'mock_client_test_1768041340228@example.com', 'client_test_1768041340228@example.com', 'FIREBASE_AUTH', 'Cliente Teste Local', 'client', NULL, NULL, '2026-01-10T10:35:39.000Z', 0, NULL, NULL, 'active');
INSERT INTO users (id, firebase_uid, email, password_hash, full_name, role, phone, avatar_url, created_at, is_verified, avatar_blob, avatar_mime, status) VALUES ('847', 'mock_client_test_1768043658287@example.com', 'client_test_1768043658287@example.com', 'FIREBASE_AUTH', 'Cliente Teste Local', 'client', NULL, NULL, '2026-01-10T11:14:21.000Z', 0, NULL, NULL, 'active');
INSERT INTO users (id, firebase_uid, email, password_hash, full_name, role, phone, avatar_url, created_at, is_verified, avatar_blob, avatar_mime, status) VALUES ('848', 'test_firebase_uid_123', 'client@test.com', 'mock_hash', 'Cliente de Teste', 'client', NULL, NULL, '2026-01-10T14:19:41.000Z', 0, NULL, NULL, 'active');
INSERT INTO users (id, firebase_uid, email, password_hash, full_name, role, phone, avatar_url, created_at, is_verified, avatar_blob, avatar_mime, status) VALUES ('849', 'VrCDPYvjZSXpdyF4aUlwbX2V7Fa2', 'lucas@gmail.com', 'FIREBASE_AUTH', 'Lucas', 'provider', NULL, NULL, '2026-01-11T13:17:45.000Z', 0, NULL, NULL, 'active');
INSERT INTO users (id, firebase_uid, email, password_hash, full_name, role, phone, avatar_url, created_at, is_verified, avatar_blob, avatar_mime, status) VALUES ('850', 'wRVHm83aq4cK5q4CoUm4IOEuR5l1', 'djfjsj@gmail.com', 'FIREBASE_AUTH', 'jdjsjdje fifkfkfk', 'provider', NULL, NULL, '2026-01-11T13:21:23.000Z', 0, NULL, NULL, 'active');
INSERT INTO users (id, firebase_uid, email, password_hash, full_name, role, phone, avatar_url, created_at, is_verified, avatar_blob, avatar_mime, status) VALUES ('851', 'mock_client_1768173873949@test.com', 'client_1768173873949@test.com', 'FIREBASE_AUTH', 'Client Test', 'client', NULL, NULL, '2026-01-11T23:24:34.000Z', 0, NULL, NULL, 'active');
INSERT INTO users (id, firebase_uid, email, password_hash, full_name, role, phone, avatar_url, created_at, is_verified, avatar_blob, avatar_mime, status) VALUES ('852', 'mock_provider_1768173873949@test.com', 'provider_1768173873949@test.com', 'FIREBASE_AUTH', 'Provider Test', 'provider', NULL, NULL, '2026-01-11T23:24:34.000Z', 0, NULL, NULL, 'active');
INSERT INTO users (id, firebase_uid, email, password_hash, full_name, role, phone, avatar_url, created_at, is_verified, avatar_blob, avatar_mime, status) VALUES ('853', 'mock_client_1768174113012@test.com', 'client_1768174113012@test.com', 'FIREBASE_AUTH', 'Client Test', 'client', NULL, NULL, '2026-01-11T23:28:33.000Z', 0, NULL, NULL, 'active');
INSERT INTO users (id, firebase_uid, email, password_hash, full_name, role, phone, avatar_url, created_at, is_verified, avatar_blob, avatar_mime, status) VALUES ('854', 'mock_provider_1768174113012@test.com', 'provider_1768174113012@test.com', 'FIREBASE_AUTH', 'Provider Test', 'provider', NULL, NULL, '2026-01-11T23:28:33.000Z', 0, NULL, NULL, 'active');
INSERT INTO users (id, firebase_uid, email, password_hash, full_name, role, phone, avatar_url, created_at, is_verified, avatar_blob, avatar_mime, status) VALUES ('855', 'mock_client_1768174513946@test.com', 'client_1768174513946@test.com', 'FIREBASE_AUTH', 'Client Test', 'client', NULL, NULL, '2026-01-11T23:35:14.000Z', 0, NULL, NULL, 'active');
INSERT INTO users (id, firebase_uid, email, password_hash, full_name, role, phone, avatar_url, created_at, is_verified, avatar_blob, avatar_mime, status) VALUES ('856', 'mock_provider_1768174513946@test.com', 'provider_1768174513946@test.com', 'FIREBASE_AUTH', 'Provider Test', 'provider', NULL, NULL, '2026-01-11T23:35:14.000Z', 0, NULL, NULL, 'active');
INSERT INTO users (id, firebase_uid, email, password_hash, full_name, role, phone, avatar_url, created_at, is_verified, avatar_blob, avatar_mime, status) VALUES ('857', 'mock_client_1768174554985@test.com', 'client_1768174554985@test.com', 'FIREBASE_AUTH', 'Client Test', 'client', NULL, NULL, '2026-01-11T23:35:55.000Z', 0, NULL, NULL, 'active');
INSERT INTO users (id, firebase_uid, email, password_hash, full_name, role, phone, avatar_url, created_at, is_verified, avatar_blob, avatar_mime, status) VALUES ('858', 'mock_provider_1768174554985@test.com', 'provider_1768174554985@test.com', 'FIREBASE_AUTH', 'Provider Test', 'provider', NULL, NULL, '2026-01-11T23:35:55.000Z', 0, NULL, NULL, 'active');
INSERT INTO users (id, firebase_uid, email, password_hash, full_name, role, phone, avatar_url, created_at, is_verified, avatar_blob, avatar_mime, status) VALUES ('859', 'mock_client_1768174718309@test.com', 'client_1768174718309@test.com', 'FIREBASE_AUTH', 'Client Test', 'client', NULL, NULL, '2026-01-11T23:38:38.000Z', 0, NULL, NULL, 'active');
INSERT INTO users (id, firebase_uid, email, password_hash, full_name, role, phone, avatar_url, created_at, is_verified, avatar_blob, avatar_mime, status) VALUES ('860', 'mock_provider_1768174718309@test.com', 'provider_1768174718309@test.com', 'FIREBASE_AUTH', 'Provider Test', 'provider', NULL, NULL, '2026-01-11T23:38:38.000Z', 0, NULL, NULL, 'active');
INSERT INTO users (id, firebase_uid, email, password_hash, full_name, role, phone, avatar_url, created_at, is_verified, avatar_blob, avatar_mime, status) VALUES ('861', 'mock_client_1768177247831@test.com', 'client_1768177247831@test.com', 'FIREBASE_AUTH', 'Client Test', 'client', NULL, NULL, '2026-01-12T00:20:48.000Z', 0, NULL, NULL, 'active');
INSERT INTO users (id, firebase_uid, email, password_hash, full_name, role, phone, avatar_url, created_at, is_verified, avatar_blob, avatar_mime, status) VALUES ('862', 'mock_provider_1768177247831@test.com', 'provider_1768177247831@test.com', 'FIREBASE_AUTH', 'Provider Test', 'provider', NULL, NULL, '2026-01-12T00:20:48.000Z', 0, NULL, NULL, 'active');
INSERT INTO users (id, firebase_uid, email, password_hash, full_name, role, phone, avatar_url, created_at, is_verified, avatar_blob, avatar_mime, status) VALUES ('863', 'mock_client_1768177380871@test.com', 'client_1768177380871@test.com', 'FIREBASE_AUTH', 'Client Test', 'client', NULL, NULL, '2026-01-12T00:23:01.000Z', 0, NULL, NULL, 'active');
INSERT INTO users (id, firebase_uid, email, password_hash, full_name, role, phone, avatar_url, created_at, is_verified, avatar_blob, avatar_mime, status) VALUES ('864', 'mock_provider_1768177380871@test.com', 'provider_1768177380871@test.com', 'FIREBASE_AUTH', 'Provider Test', 'provider', NULL, NULL, '2026-01-12T00:23:01.000Z', 0, NULL, NULL, 'active');
INSERT INTO users (id, firebase_uid, email, password_hash, full_name, role, phone, avatar_url, created_at, is_verified, avatar_blob, avatar_mime, status) VALUES ('865', 'mock_client_1768177428046@test.com', 'client_1768177428046@test.com', 'FIREBASE_AUTH', 'Client Test', 'client', NULL, NULL, '2026-01-12T00:23:48.000Z', 0, NULL, NULL, 'active');
INSERT INTO users (id, firebase_uid, email, password_hash, full_name, role, phone, avatar_url, created_at, is_verified, avatar_blob, avatar_mime, status) VALUES ('866', 'mock_provider_1768177428046@test.com', 'provider_1768177428046@test.com', 'FIREBASE_AUTH', 'Provider Test', 'provider', NULL, NULL, '2026-01-12T00:23:48.000Z', 0, NULL, NULL, 'active');
INSERT INTO users (id, firebase_uid, email, password_hash, full_name, role, phone, avatar_url, created_at, is_verified, avatar_blob, avatar_mime, status) VALUES ('867', 'mock_client_1768177469937@test.com', 'client_1768177469937@test.com', 'FIREBASE_AUTH', 'Client Test', 'client', NULL, NULL, '2026-01-12T00:24:30.000Z', 0, NULL, NULL, 'active');
INSERT INTO users (id, firebase_uid, email, password_hash, full_name, role, phone, avatar_url, created_at, is_verified, avatar_blob, avatar_mime, status) VALUES ('868', 'mock_provider_1768177469937@test.com', 'provider_1768177469937@test.com', 'FIREBASE_AUTH', 'Provider Test', 'provider', NULL, NULL, '2026-01-12T00:24:30.000Z', 0, NULL, NULL, 'active');
INSERT INTO users (id, firebase_uid, email, password_hash, full_name, role, phone, avatar_url, created_at, is_verified, avatar_blob, avatar_mime, status) VALUES ('869', 'mock_client_1768177512041@test.com', 'client_1768177512041@test.com', 'FIREBASE_AUTH', 'Client Test', 'client', NULL, NULL, '2026-01-12T00:25:12.000Z', 0, NULL, NULL, 'active');
INSERT INTO users (id, firebase_uid, email, password_hash, full_name, role, phone, avatar_url, created_at, is_verified, avatar_blob, avatar_mime, status) VALUES ('870', 'mock_provider_1768177512041@test.com', 'provider_1768177512041@test.com', 'FIREBASE_AUTH', 'Provider Test', 'provider', NULL, NULL, '2026-01-12T00:25:12.000Z', 0, NULL, NULL, 'active');
INSERT INTO users (id, firebase_uid, email, password_hash, full_name, role, phone, avatar_url, created_at, is_verified, avatar_blob, avatar_mime, status) VALUES ('871', 'mock_client_1768177578660@test.com', 'client_1768177578660@test.com', 'FIREBASE_AUTH', 'Client Test', 'client', NULL, NULL, '2026-01-12T00:26:18.000Z', 0, NULL, NULL, 'active');
INSERT INTO users (id, firebase_uid, email, password_hash, full_name, role, phone, avatar_url, created_at, is_verified, avatar_blob, avatar_mime, status) VALUES ('872', 'mock_provider_1768177578660@test.com', 'provider_1768177578660@test.com', 'FIREBASE_AUTH', 'Provider Test', 'provider', NULL, NULL, '2026-01-12T00:26:18.000Z', 0, NULL, NULL, 'active');
INSERT INTO users (id, firebase_uid, email, password_hash, full_name, role, phone, avatar_url, created_at, is_verified, avatar_blob, avatar_mime, status) VALUES ('873', 'cfUXKwQYccc39TR8yb5SIkgQmr13', 'stany@gmai.com', 'FIREBASE_AUTH', 'eududud', 'provider', NULL, NULL, '2026-01-12T01:53:51.000Z', 0, NULL, NULL, 'active');
INSERT INTO users (id, firebase_uid, email, password_hash, full_name, role, phone, avatar_url, created_at, is_verified, avatar_blob, avatar_mime, status) VALUES ('874', 'O0wy9N7oQ5gzX0NMPMA4DqsN4td2', 'lidianosantos1234@gmail.com', 'FIREBASE_AUTH', 'Lidiano Santos Barbosa', 'provider', NULL, NULL, '2026-01-13T17:57:39.000Z', 0, NULL, NULL, 'active');
INSERT INTO users (id, firebase_uid, email, password_hash, full_name, role, phone, avatar_url, created_at, is_verified, avatar_blob, avatar_mime, status) VALUES ('875', 'dJhx9AORhXNTgBHqtJubVOh7mTQ2', 'pregadorcicerosafira@gmail.com', 'FIREBASE_AUTH', 'Cícero santos Barbosa', 'client', NULL, NULL, '2026-01-13T19:25:23.000Z', 0, NULL, NULL, 'active');
INSERT INTO users (id, firebase_uid, email, password_hash, full_name, role, phone, avatar_url, created_at, is_verified, avatar_blob, avatar_mime, status) VALUES ('876', 'b2nVj263cSR8sbcEMOmuNreEWvL2', 'lyaluana31@gmail.com', 'FIREBASE_AUTH', 'Luana Silva Pereira', 'client', NULL, NULL, '2026-01-13T20:19:37.000Z', 0, NULL, NULL, 'active');
INSERT INTO users (id, firebase_uid, email, password_hash, full_name, role, phone, avatar_url, created_at, is_verified, avatar_blob, avatar_mime, status) VALUES ('877', 'SvQvV9gNsiP8JX1G6ohRzWHr3SV2', 'ismaelsilva12licilene@gmail.com', 'FIREBASE_AUTH', 'luana Silva Pereira', 'provider', NULL, NULL, '2026-01-14T00:13:54.000Z', 0, NULL, NULL, 'active');
INSERT INTO users (id, firebase_uid, email, password_hash, full_name, role, phone, avatar_url, created_at, is_verified, avatar_blob, avatar_mime, status) VALUES ('878', NULL, 'ana.manicure@example.com', 'demo_seed_hash', 'Ana Manicure', 'provider', NULL, NULL, '2026-01-26T19:39:55.000Z', 0, NULL, NULL, 'active');
INSERT INTO users (id, firebase_uid, email, password_hash, full_name, role, phone, avatar_url, created_at, is_verified, avatar_blob, avatar_mime, status) VALUES ('1', '$2b$10$oaWU.Dxq86vgF4vCiUuPLeGxASTk.5T1e5C92yH9j5PrqX969ZlZW', '2026-01-09 10:15:03', '1', '2026-01-09 10:05:03', 'client', NULL, NULL, '2026-01-27T15:44:51.000Z', 0, NULL, NULL, 'active');
INSERT INTO users (id, firebase_uid, email, password_hash, full_name, role, phone, avatar_url, created_at, is_verified, avatar_blob, avatar_mime, status) VALUES ('531', 'UuyiIFbDJbawbK39mC7MMYHybIj1', '105@gmail.com', 'firebase_oauth', 'lima', 'client', NULL, NULL, '2025-12-31T00:09:39.000Z', 0, '{"type":"Buffer","data":[82,73,70,70,172,4,0,0,87,69,66,80,86,80,56,32,160,4,0,0,112,27,0,157,1,42,128,0,128,0,62,109,46,148,71,36,34,34,33,44,145,75,120,128,13,137,99,0,210,230,97,54,31,11,220,108,116,245,107,11,94,151,249,95,40,59,241,149,99,2,56,209,239,230,240,239,60,190,129,249,205,122,107,216,15,245,191,211,3,216,63,161,129,3,46,191,47,173,151,189,117,71,198,3,213,219,226,72,53,60,253,40,64,59,48,189,204,153,85,204,97,184,209,218,32,45,203,138,89,59,254,3,250,208,126,92,140,58,22,31,65,126,96,192,198,8,175,100,137,73,211,39,96,40,155,208,45,158,255,235,48,85,23,62,168,78,16,205,173,112,222,223,207,81,64,225,250,218,93,201,248,71,182,8,66,156,26,110,236,81,111,81,252,99,170,168,91,253,44,72,41,22,30,115,22,160,157,47,50,227,208,100,132,136,40,102,245,80,109,141,139,189,119,146,132,174,243,70,189,160,19,180,50,165,49,48,4,208,184,196,11,119,140,103,62,140,57,0,0,254,240,196,11,255,152,39,245,251,245,251,211,7,118,40,37,84,0,4,144,0,64,135,233,129,180,142,227,72,38,216,224,41,199,138,146,249,117,245,44,5,78,5,124,127,73,26,135,244,123,144,139,40,33,97,72,107,172,151,144,69,45,18,179,124,44,17,186,53,71,201,225,124,229,120,91,162,178,186,139,216,237,145,55,104,115,119,12,120,200,49,117,230,95,91,204,251,162,184,129,213,248,97,211,183,163,195,84,11,15,225,131,244,81,135,122,161,22,46,62,231,133,229,254,235,11,244,115,130,19,64,9,167,114,208,76,87,60,84,246,199,183,111,177,224,168,140,157,153,230,81,95,190,170,148,106,242,20,90,218,193,186,127,255,244,140,251,84,20,75,244,54,200,130,254,85,161,247,2,115,42,147,181,194,228,112,21,50,168,110,22,112,240,219,181,118,127,150,141,99,54,179,125,220,31,216,212,227,76,247,163,18,97,114,203,59,179,144,90,183,40,112,92,184,222,239,74,149,143,246,129,143,233,100,244,197,231,192,100,3,9,240,182,29,240,88,5,116,230,13,61,194,90,67,26,105,79,2,239,148,187,226,209,140,94,76,240,100,85,219,190,237,226,118,58,119,0,223,239,50,217,136,158,103,251,247,215,83,104,26,96,234,193,254,13,57,171,216,182,103,162,248,141,68,87,83,236,32,87,193,119,248,147,163,66,188,226,15,97,143,254,36,239,218,66,114,251,182,63,128,254,101,204,115,89,142,134,72,120,236,243,243,128,164,203,235,93,111,199,113,43,225,14,125,248,111,190,246,215,189,197,4,26,163,207,108,169,52,55,127,75,161,173,212,193,198,19,119,184,184,170,100,23,8,226,150,72,51,119,69,11,30,98,89,58,149,242,252,152,91,197,152,218,213,49,215,23,198,110,145,76,164,123,118,204,241,241,217,192,52,213,23,178,95,117,135,31,221,202,244,210,179,129,133,238,113,69,101,169,50,81,112,189,208,63,227,102,209,175,193,78,79,60,111,254,13,30,145,244,221,209,126,93,48,197,156,6,231,148,232,210,234,129,97,39,22,116,242,82,73,140,135,159,44,30,139,106,152,208,137,204,189,212,89,101,121,14,82,54,243,236,240,183,111,178,143,189,118,216,242,103,135,191,206,214,212,103,175,136,58,118,166,97,225,200,70,0,129,158,228,242,132,69,57,90,185,248,156,28,76,18,199,12,37,15,169,208,21,172,195,111,133,153,245,168,7,166,91,141,233,240,127,147,122,157,245,121,143,248,36,197,196,175,106,140,209,127,235,247,74,190,123,58,21,123,37,83,120,34,66,75,251,183,171,150,103,8,91,180,49,42,48,109,191,89,12,242,169,238,232,90,240,138,72,248,237,110,39,22,62,125,255,221,79,104,99,5,171,29,72,85,15,155,202,49,105,3,156,175,143,165,65,13,71,107,86,248,138,239,159,198,62,225,98,184,222,223,105,0,246,12,217,80,120,10,242,246,128,226,124,228,15,113,125,212,203,73,44,239,8,124,57,218,144,53,42,65,126,19,185,186,141,122,9,133,195,32,192,140,96,130,217,150,54,223,250,14,252,36,231,96,39,188,1,22,155,159,70,202,18,207,165,3,99,98,113,57,109,4,150,92,64,248,89,59,166,51,61,30,251,30,96,184,147,33,114,232,145,21,242,158,191,89,32,142,205,198,122,103,22,69,95,103,132,117,34,120,177,44,149,191,104,30,11,90,100,90,188,171,73,54,245,181,237,131,193,89,253,123,118,81,87,65,46,199,58,120,125,247,78,137,163,179,69,38,176,10,76,55,187,46,57,139,31,101,53,159,15,213,147,160,132,108,93,123,101,223,142,151,204,139,15,2,78,208,250,239,127,76,133,134,142,55,97,1,228,85,230,74,108,253,60,172,239,108,117,188,82,228,252,15,72,209,196,144,36,205,240,203,192,51,91,240,23,166,102,19,125,118,168,168,243,96,202,119,254,187,247,166,17,106,92,217,85,14,44,180,140,24,40,196,212,21,45,209,11,212,96,49,129,49,200,216,209,0,211,210,128,94,74,250,237,30,242,59,153,6,148,12,253,80,11,185,210,72,96,102,85,211,177,16,226,77,209,69,210,242,49,57,1,210,32,0,0,0]}', NULL, 'active');
INSERT INTO users (id, firebase_uid, email, password_hash, full_name, role, phone, avatar_url, created_at, is_verified, avatar_blob, avatar_mime, status) VALUES ('14', 'test_uid_1769627173010', 'user_stress_30b2bf60@test.com', 'FIREBASE_AUTH', 'Stress User 64', 'client', '11988219169', NULL, '2026-01-28T22:06:24.000Z', 0, NULL, NULL, 'active');
INSERT INTO users (id, firebase_uid, email, password_hash, full_name, role, phone, avatar_url, created_at, is_verified, avatar_blob, avatar_mime, status) VALUES ('16', 'test_uid_1769627173017', 'user_stress_d5226f3c@test.com', 'FIREBASE_AUTH', 'Stress User 72', 'client', '11950743784', NULL, '2026-01-28T22:06:24.000Z', 0, NULL, NULL, 'active');
INSERT INTO users (id, firebase_uid, email, password_hash, full_name, role, phone, avatar_url, created_at, is_verified, avatar_blob, avatar_mime, status) VALUES ('13', 'test_uid_1769627173012', 'user_stress_bfae27df@test.com', 'FIREBASE_AUTH', 'Stress User 67', 'client', '11960308151', NULL, '2026-01-28T22:06:24.000Z', 0, NULL, NULL, 'active');
INSERT INTO users (id, firebase_uid, email, password_hash, full_name, role, phone, avatar_url, created_at, is_verified, avatar_blob, avatar_mime, status) VALUES ('15', 'test_uid_1769627173011', 'user_stress_63288111@test.com', 'FIREBASE_AUTH', 'Stress User 66', 'client', '11998666072', NULL, '2026-01-28T22:06:24.000Z', 0, NULL, NULL, 'active');
INSERT INTO users (id, firebase_uid, email, password_hash, full_name, role, phone, avatar_url, created_at, is_verified, avatar_blob, avatar_mime, status) VALUES ('17', 'test_uid_1769627173016', 'user_stress_fa5fd38a@test.com', 'FIREBASE_AUTH', 'Stress User 71', 'client', '11919812888', NULL, '2026-01-28T22:06:24.000Z', 0, NULL, NULL, 'active');
INSERT INTO users (id, firebase_uid, email, password_hash, full_name, role, phone, avatar_url, created_at, is_verified, avatar_blob, avatar_mime, status) VALUES ('19', 'test_uid_1769627173013', 'user_stress_285a38c5@test.com', 'FIREBASE_AUTH', 'Stress User 68', 'client', '11928509106', NULL, '2026-01-28T22:06:24.000Z', 0, NULL, NULL, 'active');
INSERT INTO users (id, firebase_uid, email, password_hash, full_name, role, phone, avatar_url, created_at, is_verified, avatar_blob, avatar_mime, status) VALUES ('18', 'test_uid_1769627173015', 'user_stress_e98e8034@test.com', 'FIREBASE_AUTH', 'Stress User 70', 'client', '11961248922', NULL, '2026-01-28T22:06:24.000Z', 0, NULL, NULL, 'active');
INSERT INTO users (id, firebase_uid, email, password_hash, full_name, role, phone, avatar_url, created_at, is_verified, avatar_blob, avatar_mime, status) VALUES ('20', 'test_uid_1769627173014', 'user_stress_b7835de3@test.com', 'FIREBASE_AUTH', 'Stress User 69', 'client', '11917682874', NULL, '2026-01-28T22:06:24.000Z', 0, NULL, NULL, 'active');
INSERT INTO users (id, firebase_uid, email, password_hash, full_name, role, phone, avatar_url, created_at, is_verified, avatar_blob, avatar_mime, status) VALUES ('21', 'test_uid_1769627173018', 'user_stress_5e1de383@test.com', 'FIREBASE_AUTH', 'Stress User 73', 'client', '11910576983', NULL, '2026-01-28T22:06:25.000Z', 0, NULL, NULL, 'active');
INSERT INTO users (id, firebase_uid, email, password_hash, full_name, role, phone, avatar_url, created_at, is_verified, avatar_blob, avatar_mime, status) VALUES ('22', 'test_uid_1769627173020', 'user_stress_08698297@test.com', 'FIREBASE_AUTH', 'Stress User 75', 'client', '11953913354', NULL, '2026-01-28T22:06:25.000Z', 0, NULL, NULL, 'active');
INSERT INTO users (id, firebase_uid, email, password_hash, full_name, role, phone, avatar_url, created_at, is_verified, avatar_blob, avatar_mime, status) VALUES ('24', 'test_uid_1769627173023', 'user_stress_29d5bc3d@test.com', 'FIREBASE_AUTH', 'Stress User 76', 'client', '11960274844', NULL, '2026-01-28T22:06:25.000Z', 0, NULL, NULL, 'active');
INSERT INTO users (id, firebase_uid, email, password_hash, full_name, role, phone, avatar_url, created_at, is_verified, avatar_blob, avatar_mime, status) VALUES ('23', 'test_uid_1769627173019', 'user_stress_0eef2765@test.com', 'FIREBASE_AUTH', 'Stress User 74', 'client', '11948775564', NULL, '2026-01-28T22:06:25.000Z', 0, NULL, NULL, 'active');
INSERT INTO users (id, firebase_uid, email, password_hash, full_name, role, phone, avatar_url, created_at, is_verified, avatar_blob, avatar_mime, status) VALUES ('25', 'test_uid_1769627173024', 'user_stress_d7d0e0e8@test.com', 'FIREBASE_AUTH', 'Stress User 77', 'client', '11958911770', NULL, '2026-01-28T22:06:25.000Z', 0, NULL, NULL, 'active');
INSERT INTO users (id, firebase_uid, email, password_hash, full_name, role, phone, avatar_url, created_at, is_verified, avatar_blob, avatar_mime, status) VALUES ('26', 'test_uid_1769627173026', 'user_stress_8a5a07a8@test.com', 'FIREBASE_AUTH', 'Stress User 79', 'client', '11942932185', NULL, '2026-01-28T22:06:25.000Z', 0, NULL, NULL, 'active');
INSERT INTO users (id, firebase_uid, email, password_hash, full_name, role, phone, avatar_url, created_at, is_verified, avatar_blob, avatar_mime, status) VALUES ('27', 'test_uid_1769627173025', 'user_stress_e82b44d4@test.com', 'FIREBASE_AUTH', 'Stress User 78', 'client', '11930458274', NULL, '2026-01-28T22:06:25.000Z', 0, NULL, NULL, 'active');
INSERT INTO users (id, firebase_uid, email, password_hash, full_name, role, phone, avatar_url, created_at, is_verified, avatar_blob, avatar_mime, status) VALUES ('28', 'test_uid_1769627173027', 'user_stress_9b98bfce@test.com', 'FIREBASE_AUTH', 'Stress User 80', 'client', '11994181249', NULL, '2026-01-28T22:06:25.000Z', 0, NULL, NULL, 'active');
INSERT INTO users (id, firebase_uid, email, password_hash, full_name, role, phone, avatar_url, created_at, is_verified, avatar_blob, avatar_mime, status) VALUES ('29', 'test_uid_1769627173028', 'user_stress_9a95d951@test.com', 'FIREBASE_AUTH', 'Stress User 81', 'client', '11991365628', NULL, '2026-01-28T22:06:25.000Z', 0, NULL, NULL, 'active');
INSERT INTO users (id, firebase_uid, email, password_hash, full_name, role, phone, avatar_url, created_at, is_verified, avatar_blob, avatar_mime, status) VALUES ('31', 'test_uid_1769627173030', 'user_stress_4ec665c5@test.com', 'FIREBASE_AUTH', 'Stress User 83', 'client', '119932023', NULL, '2026-01-28T22:06:26.000Z', 0, NULL, NULL, 'active');
INSERT INTO users (id, firebase_uid, email, password_hash, full_name, role, phone, avatar_url, created_at, is_verified, avatar_blob, avatar_mime, status) VALUES ('30', 'test_uid_1769627173029', 'user_stress_a0feb3f6@test.com', 'FIREBASE_AUTH', 'Stress User 82', 'client', '11922082902', NULL, '2026-01-28T22:06:26.000Z', 0, NULL, NULL, 'active');
INSERT INTO users (id, firebase_uid, email, password_hash, full_name, role, phone, avatar_url, created_at, is_verified, avatar_blob, avatar_mime, status) VALUES ('32', 'test_uid_1769627173032', 'user_stress_9b7a097b@test.com', 'FIREBASE_AUTH', 'Stress User 85', 'client', '11984914473', NULL, '2026-01-28T22:06:26.000Z', 0, NULL, NULL, 'active');
INSERT INTO users (id, firebase_uid, email, password_hash, full_name, role, phone, avatar_url, created_at, is_verified, avatar_blob, avatar_mime, status) VALUES ('33', 'test_uid_1769627173031', 'user_stress_3f0863aa@test.com', 'FIREBASE_AUTH', 'Stress User 84', 'client', '11956907053', NULL, '2026-01-28T22:06:26.000Z', 0, NULL, NULL, 'active');
INSERT INTO users (id, firebase_uid, email, password_hash, full_name, role, phone, avatar_url, created_at, is_verified, avatar_blob, avatar_mime, status) VALUES ('34', 'test_uid_1769627188772', 'provider_stress_bc6dc76d@test.com', 'FIREBASE_AUTH', 'Stress Provider 4', 'provider', '1193720338', NULL, '2026-01-28T22:06:30.000Z', 0, NULL, NULL, 'active');
INSERT INTO users (id, firebase_uid, email, password_hash, full_name, role, phone, avatar_url, created_at, is_verified, avatar_blob, avatar_mime, status) VALUES ('36', 'test_uid_1769627188779', 'provider_stress_151a639d@test.com', 'FIREBASE_AUTH', 'Stress Provider 8', 'provider', '11991460307', NULL, '2026-01-28T22:06:30.000Z', 0, NULL, NULL, 'active');
INSERT INTO users (id, firebase_uid, email, password_hash, full_name, role, phone, avatar_url, created_at, is_verified, avatar_blob, avatar_mime, status) VALUES ('35', 'test_uid_1769627188770', 'provider_stress_916c3ff3@test.com', 'FIREBASE_AUTH', 'Stress Provider 2', 'provider', '11932539859', NULL, '2026-01-28T22:06:30.000Z', 0, NULL, NULL, 'active');
INSERT INTO users (id, firebase_uid, email, password_hash, full_name, role, phone, avatar_url, created_at, is_verified, avatar_blob, avatar_mime, status) VALUES ('37', 'test_uid_1769627188776', 'provider_stress_4831e8f4@test.com', 'FIREBASE_AUTH', 'Stress Provider 5', 'provider', '11938804372', NULL, '2026-01-28T22:06:30.000Z', 0, NULL, NULL, 'active');
INSERT INTO users (id, firebase_uid, email, password_hash, full_name, role, phone, avatar_url, created_at, is_verified, avatar_blob, avatar_mime, status) VALUES ('38', 'test_uid_1769627188778', 'provider_stress_ada6be68@test.com', 'FIREBASE_AUTH', 'Stress Provider 7', 'provider', '11970293357', NULL, '2026-01-28T22:06:30.000Z', 0, NULL, NULL, 'active');
INSERT INTO users (id, firebase_uid, email, password_hash, full_name, role, phone, avatar_url, created_at, is_verified, avatar_blob, avatar_mime, status) VALUES ('39', 'test_uid_1769627188766', 'provider_stress_40e95b39@test.com', 'FIREBASE_AUTH', 'Stress Provider 0', 'provider', '11974309018', NULL, '2026-01-28T22:06:30.000Z', 0, NULL, NULL, 'active');
INSERT INTO users (id, firebase_uid, email, password_hash, full_name, role, phone, avatar_url, created_at, is_verified, avatar_blob, avatar_mime, status) VALUES ('40', 'test_uid_1769627188777', 'provider_stress_4ee337b7@test.com', 'FIREBASE_AUTH', 'Stress Provider 6', 'provider', '11991046887', NULL, '2026-01-28T22:06:30.000Z', 0, NULL, NULL, 'active');
INSERT INTO users (id, firebase_uid, email, password_hash, full_name, role, phone, avatar_url, created_at, is_verified, avatar_blob, avatar_mime, status) VALUES ('41', 'test_uid_1769627188768', 'provider_stress_b3ce381c@test.com', 'FIREBASE_AUTH', 'Stress Provider 1', 'provider', '11964957495', NULL, '2026-01-28T22:06:30.000Z', 0, NULL, NULL, 'active');
INSERT INTO users (id, firebase_uid, email, password_hash, full_name, role, phone, avatar_url, created_at, is_verified, avatar_blob, avatar_mime, status) VALUES ('42', 'test_uid_1769627188771', 'provider_stress_605a291b@test.com', 'FIREBASE_AUTH', 'Stress Provider 3', 'provider', '11976601650', NULL, '2026-01-28T22:06:31.000Z', 0, NULL, NULL, 'active');
INSERT INTO users (id, firebase_uid, email, password_hash, full_name, role, phone, avatar_url, created_at, is_verified, avatar_blob, avatar_mime, status) VALUES ('43', 'test_uid_1769627188780', 'provider_stress_336ef15f@test.com', 'FIREBASE_AUTH', 'Stress Provider 9', 'provider', '11936286878', NULL, '2026-01-28T22:06:32.000Z', 0, NULL, NULL, 'active');
INSERT INTO users (id, firebase_uid, email, password_hash, full_name, role, phone, avatar_url, created_at, is_verified, avatar_blob, avatar_mime, status) VALUES ('44', 'mock_user_stress_2d8325aa@test.com', 'user_stress_2d8325aa@test.com', 'FIREBASE_AUTH', 'Stress User 2', 'client', '11939009225', NULL, '2026-01-28T22:08:17.000Z', 0, NULL, NULL, 'active');
INSERT INTO users (id, firebase_uid, email, password_hash, full_name, role, phone, avatar_url, created_at, is_verified, avatar_blob, avatar_mime, status) VALUES ('45', 'mock_user_stress_8455de91@test.com', 'user_stress_8455de91@test.com', 'FIREBASE_AUTH', 'Stress User 8', 'client', '119429457', NULL, '2026-01-28T22:08:17.000Z', 0, NULL, NULL, 'active');
INSERT INTO users (id, firebase_uid, email, password_hash, full_name, role, phone, avatar_url, created_at, is_verified, avatar_blob, avatar_mime, status) VALUES ('46', 'mock_user_stress_9c7a3794@test.com', 'user_stress_9c7a3794@test.com', 'FIREBASE_AUTH', 'Stress User 3', 'client', '11978400661', NULL, '2026-01-28T22:08:17.000Z', 0, NULL, NULL, 'active');
INSERT INTO users (id, firebase_uid, email, password_hash, full_name, role, phone, avatar_url, created_at, is_verified, avatar_blob, avatar_mime, status) VALUES ('47', 'mock_user_stress_58ef6b6b@test.com', 'user_stress_58ef6b6b@test.com', 'FIREBASE_AUTH', 'Stress User 5', 'client', '11944441635', NULL, '2026-01-28T22:08:17.000Z', 0, NULL, NULL, 'active');
INSERT INTO users (id, firebase_uid, email, password_hash, full_name, role, phone, avatar_url, created_at, is_verified, avatar_blob, avatar_mime, status) VALUES ('48', 'mock_user_stress_9d6e4b3e@test.com', 'user_stress_9d6e4b3e@test.com', 'FIREBASE_AUTH', 'Stress User 1', 'client', '11959755368', NULL, '2026-01-28T22:08:17.000Z', 0, NULL, NULL, 'active');
INSERT INTO users (id, firebase_uid, email, password_hash, full_name, role, phone, avatar_url, created_at, is_verified, avatar_blob, avatar_mime, status) VALUES ('49', 'mock_user_stress_6b0647fd@test.com', 'user_stress_6b0647fd@test.com', 'FIREBASE_AUTH', 'Stress User 0', 'client', '119244345', NULL, '2026-01-28T22:08:17.000Z', 0, NULL, NULL, 'active');
INSERT INTO users (id, firebase_uid, email, password_hash, full_name, role, phone, avatar_url, created_at, is_verified, avatar_blob, avatar_mime, status) VALUES ('50', 'mock_user_stress_a5997e8f@test.com', 'user_stress_a5997e8f@test.com', 'FIREBASE_AUTH', 'Stress User 7', 'client', '11930793380', NULL, '2026-01-28T22:08:17.000Z', 0, NULL, NULL, 'active');
INSERT INTO users (id, firebase_uid, email, password_hash, full_name, role, phone, avatar_url, created_at, is_verified, avatar_blob, avatar_mime, status) VALUES ('51', 'mock_user_stress_dfbf62c6@test.com', 'user_stress_dfbf62c6@test.com', 'FIREBASE_AUTH', 'Stress User 9', 'client', '11984419138', NULL, '2026-01-28T22:08:18.000Z', 0, NULL, NULL, 'active');
INSERT INTO users (id, firebase_uid, email, password_hash, full_name, role, phone, avatar_url, created_at, is_verified, avatar_blob, avatar_mime, status) VALUES ('52', 'mock_user_stress_76697689@test.com', 'user_stress_76697689@test.com', 'FIREBASE_AUTH', 'Stress User 14', 'client', '1198236855', NULL, '2026-01-28T22:08:18.000Z', 0, NULL, NULL, 'active');
INSERT INTO users (id, firebase_uid, email, password_hash, full_name, role, phone, avatar_url, created_at, is_verified, avatar_blob, avatar_mime, status) VALUES ('64', 'mock_user_stress_a6173463@test.com', 'user_stress_a6173463@test.com', 'FIREBASE_AUTH', 'Stress User 26', 'client', '11959164817', NULL, '2026-01-28T22:08:25.000Z', 0, NULL, NULL, 'active');
INSERT INTO users (id, firebase_uid, email, password_hash, full_name, role, phone, avatar_url, created_at, is_verified, avatar_blob, avatar_mime, status) VALUES ('71', 'mock_user_stress_24eca0c5@test.com', 'user_stress_24eca0c5@test.com', 'FIREBASE_AUTH', 'Stress User 30', 'client', '1198572838', NULL, '2026-01-28T22:08:26.000Z', 0, NULL, NULL, 'active');
INSERT INTO users (id, firebase_uid, email, password_hash, full_name, role, phone, avatar_url, created_at, is_verified, avatar_blob, avatar_mime, status) VALUES ('54', 'mock_user_stress_a2e203df@test.com', 'user_stress_a2e203df@test.com', 'FIREBASE_AUTH', 'Stress User 13', 'client', '11979139244', NULL, '2026-01-28T22:08:18.000Z', 0, NULL, NULL, 'active');
INSERT INTO users (id, firebase_uid, email, password_hash, full_name, role, phone, avatar_url, created_at, is_verified, avatar_blob, avatar_mime, status) VALUES ('77', 'mock_user_stress_286489d8@test.com', 'user_stress_286489d8@test.com', 'FIREBASE_AUTH', 'Stress User 35', 'client', '11952380849', NULL, '2026-01-28T22:08:26.000Z', 0, NULL, NULL, 'active');
INSERT INTO users (id, firebase_uid, email, password_hash, full_name, role, phone, avatar_url, created_at, is_verified, avatar_blob, avatar_mime, status) VALUES ('78', 'mock_user_stress_43b50e24@test.com', 'user_stress_43b50e24@test.com', 'FIREBASE_AUTH', 'Stress User 39', 'client', '11976168791', NULL, '2026-01-28T22:08:27.000Z', 0, NULL, NULL, 'active');
INSERT INTO users (id, firebase_uid, email, password_hash, full_name, role, phone, avatar_url, created_at, is_verified, avatar_blob, avatar_mime, status) VALUES ('53', 'mock_user_stress_409dad0f@test.com', 'user_stress_409dad0f@test.com', 'FIREBASE_AUTH', 'Stress User 15', 'client', '11991195371', NULL, '2026-01-28T22:08:18.000Z', 0, NULL, NULL, 'active');
INSERT INTO users (id, firebase_uid, email, password_hash, full_name, role, phone, avatar_url, created_at, is_verified, avatar_blob, avatar_mime, status) VALUES ('68', 'mock_user_stress_ce7771cc@test.com', 'user_stress_ce7771cc@test.com', 'FIREBASE_AUTH', 'Stress User 27', 'client', '11996071701', NULL, '2026-01-28T22:08:25.000Z', 0, NULL, NULL, 'active');
INSERT INTO users (id, firebase_uid, email, password_hash, full_name, role, phone, avatar_url, created_at, is_verified, avatar_blob, avatar_mime, status) VALUES ('69', 'mock_user_stress_754039c9@test.com', 'user_stress_754039c9@test.com', 'FIREBASE_AUTH', 'Stress User 25', 'client', '1197773750', NULL, '2026-01-28T22:08:26.000Z', 0, NULL, NULL, 'active');
INSERT INTO users (id, firebase_uid, email, password_hash, full_name, role, phone, avatar_url, created_at, is_verified, avatar_blob, avatar_mime, status) VALUES ('55', 'mock_user_stress_d6c08df8@test.com', 'user_stress_d6c08df8@test.com', 'FIREBASE_AUTH', 'Stress User 11', 'client', '11956329045', NULL, '2026-01-28T22:08:18.000Z', 0, NULL, NULL, 'active');
INSERT INTO users (id, firebase_uid, email, password_hash, full_name, role, phone, avatar_url, created_at, is_verified, avatar_blob, avatar_mime, status) VALUES ('62', 'mock_user_stress_9a2690b9@test.com', 'user_stress_9a2690b9@test.com', 'FIREBASE_AUTH', 'Stress User 23', 'client', '11935329469', NULL, '2026-01-28T22:08:25.000Z', 0, NULL, NULL, 'active');
INSERT INTO users (id, firebase_uid, email, password_hash, full_name, role, phone, avatar_url, created_at, is_verified, avatar_blob, avatar_mime, status) VALUES ('75', 'mock_user_stress_6f9024b5@test.com', 'user_stress_6f9024b5@test.com', 'FIREBASE_AUTH', 'Stress User 29', 'client', '11967058422', NULL, '2026-01-28T22:08:26.000Z', 0, NULL, NULL, 'active');
INSERT INTO users (id, firebase_uid, email, password_hash, full_name, role, phone, avatar_url, created_at, is_verified, avatar_blob, avatar_mime, status) VALUES ('56', 'mock_user_stress_d9927468@test.com', 'user_stress_d9927468@test.com', 'FIREBASE_AUTH', 'Stress User 17', 'client', '11940365816', NULL, '2026-01-28T22:08:18.000Z', 0, NULL, NULL, 'active');
INSERT INTO users (id, firebase_uid, email, password_hash, full_name, role, phone, avatar_url, created_at, is_verified, avatar_blob, avatar_mime, status) VALUES ('61', 'mock_user_stress_074977ce@test.com', 'user_stress_074977ce@test.com', 'FIREBASE_AUTH', 'Stress User 19', 'client', '1192445377', NULL, '2026-01-28T22:08:19.000Z', 0, NULL, NULL, 'active');
INSERT INTO users (id, firebase_uid, email, password_hash, full_name, role, phone, avatar_url, created_at, is_verified, avatar_blob, avatar_mime, status) VALUES ('65', 'mock_user_stress_38ad652a@test.com', 'user_stress_38ad652a@test.com', 'FIREBASE_AUTH', 'Stress User 20', 'client', '11928852727', NULL, '2026-01-28T22:08:25.000Z', 0, NULL, NULL, 'active');
INSERT INTO users (id, firebase_uid, email, password_hash, full_name, role, phone, avatar_url, created_at, is_verified, avatar_blob, avatar_mime, status) VALUES ('72', 'mock_user_stress_efe7d98d@test.com', 'user_stress_efe7d98d@test.com', 'FIREBASE_AUTH', 'Stress User 24', 'client', '11915208192', NULL, '2026-01-28T22:08:26.000Z', 0, NULL, NULL, 'active');
INSERT INTO users (id, firebase_uid, email, password_hash, full_name, role, phone, avatar_url, created_at, is_verified, avatar_blob, avatar_mime, status) VALUES ('57', 'mock_user_stress_411ddbcd@test.com', 'user_stress_411ddbcd@test.com', 'FIREBASE_AUTH', 'Stress User 16', 'client', '11959411601', NULL, '2026-01-28T22:08:18.000Z', 0, NULL, NULL, 'active');
INSERT INTO users (id, firebase_uid, email, password_hash, full_name, role, phone, avatar_url, created_at, is_verified, avatar_blob, avatar_mime, status) VALUES ('67', 'mock_user_stress_240c4d21@test.com', 'user_stress_240c4d21@test.com', 'FIREBASE_AUTH', 'Stress User 28', 'client', '11946486235', NULL, '2026-01-28T22:08:25.000Z', 0, NULL, NULL, 'active');
INSERT INTO users (id, firebase_uid, email, password_hash, full_name, role, phone, avatar_url, created_at, is_verified, avatar_blob, avatar_mime, status) VALUES ('70', 'mock_user_stress_7db15d35@test.com', 'user_stress_7db15d35@test.com', 'FIREBASE_AUTH', 'Stress User 33', 'client', '11979112544', NULL, '2026-01-28T22:08:26.000Z', 0, NULL, NULL, 'active');
INSERT INTO users (id, firebase_uid, email, password_hash, full_name, role, phone, avatar_url, created_at, is_verified, avatar_blob, avatar_mime, status) VALUES ('58', 'mock_user_stress_b9beb758@test.com', 'user_stress_b9beb758@test.com', 'FIREBASE_AUTH', 'Stress User 12', 'client', '11935288790', NULL, '2026-01-28T22:08:18.000Z', 0, NULL, NULL, 'active');
INSERT INTO users (id, firebase_uid, email, password_hash, full_name, role, phone, avatar_url, created_at, is_verified, avatar_blob, avatar_mime, status) VALUES ('74', 'mock_user_stress_df70bd5e@test.com', 'user_stress_df70bd5e@test.com', 'FIREBASE_AUTH', 'Stress User 34', 'client', '11940635063', NULL, '2026-01-28T22:08:26.000Z', 0, NULL, NULL, 'active');
INSERT INTO users (id, firebase_uid, email, password_hash, full_name, role, phone, avatar_url, created_at, is_verified, avatar_blob, avatar_mime, status) VALUES ('59', 'mock_user_stress_53d7fd16@test.com', 'user_stress_53d7fd16@test.com', 'FIREBASE_AUTH', 'Stress User 10', 'client', '11960519817', NULL, '2026-01-28T22:08:18.000Z', 0, NULL, NULL, 'active');
INSERT INTO users (id, firebase_uid, email, password_hash, full_name, role, phone, avatar_url, created_at, is_verified, avatar_blob, avatar_mime, status) VALUES ('60', 'mock_user_stress_88de8178@test.com', 'user_stress_88de8178@test.com', 'FIREBASE_AUTH', 'Stress User 18', 'client', '11949302369', NULL, '2026-01-28T22:08:19.000Z', 0, NULL, NULL, 'active');
INSERT INTO users (id, firebase_uid, email, password_hash, full_name, role, phone, avatar_url, created_at, is_verified, avatar_blob, avatar_mime, status) VALUES ('66', 'mock_user_stress_5047526a@test.com', 'user_stress_5047526a@test.com', 'FIREBASE_AUTH', 'Stress User 21', 'client', '11917771272', NULL, '2026-01-28T22:08:25.000Z', 0, NULL, NULL, 'active');
INSERT INTO users (id, firebase_uid, email, password_hash, full_name, role, phone, avatar_url, created_at, is_verified, avatar_blob, avatar_mime, status) VALUES ('73', 'mock_user_stress_936c273d@test.com', 'user_stress_936c273d@test.com', 'FIREBASE_AUTH', 'Stress User 31', 'client', '11949281165', NULL, '2026-01-28T22:08:26.000Z', 0, NULL, NULL, 'active');
INSERT INTO users (id, firebase_uid, email, password_hash, full_name, role, phone, avatar_url, created_at, is_verified, avatar_blob, avatar_mime, status) VALUES ('63', 'mock_user_stress_eb903282@test.com', 'user_stress_eb903282@test.com', 'FIREBASE_AUTH', 'Stress User 22', 'client', '11985611566', NULL, '2026-01-28T22:08:25.000Z', 0, NULL, NULL, 'active');
INSERT INTO users (id, firebase_uid, email, password_hash, full_name, role, phone, avatar_url, created_at, is_verified, avatar_blob, avatar_mime, status) VALUES ('76', 'mock_user_stress_0b72674f@test.com', 'user_stress_0b72674f@test.com', 'FIREBASE_AUTH', 'Stress User 32', 'client', '11956177257', NULL, '2026-01-28T22:08:26.000Z', 0, NULL, NULL, 'active');
INSERT INTO users (id, firebase_uid, email, password_hash, full_name, role, phone, avatar_url, created_at, is_verified, avatar_blob, avatar_mime, status) VALUES ('79', 'mock_user_stress_a93eed61@test.com', 'user_stress_a93eed61@test.com', 'FIREBASE_AUTH', 'Stress User 38', 'client', '11965688471', NULL, '2026-01-28T22:08:27.000Z', 0, NULL, NULL, 'active');
INSERT INTO users (id, firebase_uid, email, password_hash, full_name, role, phone, avatar_url, created_at, is_verified, avatar_blob, avatar_mime, status) VALUES ('80', 'mock_user_stress_79121cd1@test.com', 'user_stress_79121cd1@test.com', 'FIREBASE_AUTH', 'Stress User 42', 'client', '11930360457', NULL, '2026-01-28T22:08:32.000Z', 0, NULL, NULL, 'active');
INSERT INTO users (id, firebase_uid, email, password_hash, full_name, role, phone, avatar_url, created_at, is_verified, avatar_blob, avatar_mime, status) VALUES ('81', 'mock_user_stress_b0562e65@test.com', 'user_stress_b0562e65@test.com', 'FIREBASE_AUTH', 'Stress User 48', 'client', '11976268326', NULL, '2026-01-28T22:08:32.000Z', 0, NULL, NULL, 'active');
INSERT INTO users (id, firebase_uid, email, password_hash, full_name, role, phone, avatar_url, created_at, is_verified, avatar_blob, avatar_mime, status) VALUES ('82', 'mock_user_stress_9fad7515@test.com', 'user_stress_9fad7515@test.com', 'FIREBASE_AUTH', 'Stress User 43', 'client', '1195824460', NULL, '2026-01-28T22:08:32.000Z', 0, NULL, NULL, 'active');
INSERT INTO users (id, firebase_uid, email, password_hash, full_name, role, phone, avatar_url, created_at, is_verified, avatar_blob, avatar_mime, status) VALUES ('84', 'mock_user_stress_b6efa029@test.com', 'user_stress_b6efa029@test.com', 'FIREBASE_AUTH', 'Stress User 40', 'client', '11993294495', NULL, '2026-01-28T22:08:32.000Z', 0, NULL, NULL, 'active');
INSERT INTO users (id, firebase_uid, email, password_hash, full_name, role, phone, avatar_url, created_at, is_verified, avatar_blob, avatar_mime, status) VALUES ('85', 'mock_user_stress_f16be6ca@test.com', 'user_stress_f16be6ca@test.com', 'FIREBASE_AUTH', 'Stress User 45', 'client', '11963074233', NULL, '2026-01-28T22:08:32.000Z', 0, NULL, NULL, 'active');
INSERT INTO users (id, firebase_uid, email, password_hash, full_name, role, phone, avatar_url, created_at, is_verified, avatar_blob, avatar_mime, status) VALUES ('83', 'mock_user_stress_6872274e@test.com', 'user_stress_6872274e@test.com', 'FIREBASE_AUTH', 'Stress User 41', 'client', '11938810137', NULL, '2026-01-28T22:08:32.000Z', 0, NULL, NULL, 'active');
INSERT INTO users (id, firebase_uid, email, password_hash, full_name, role, phone, avatar_url, created_at, is_verified, avatar_blob, avatar_mime, status) VALUES ('86', 'mock_user_stress_b8204e70@test.com', 'user_stress_b8204e70@test.com', 'FIREBASE_AUTH', 'Stress User 44', 'client', '11957668624', NULL, '2026-01-28T22:08:32.000Z', 0, NULL, NULL, 'active');
INSERT INTO users (id, firebase_uid, email, password_hash, full_name, role, phone, avatar_url, created_at, is_verified, avatar_blob, avatar_mime, status) VALUES ('87', 'mock_user_stress_33bcae52@test.com', 'user_stress_33bcae52@test.com', 'FIREBASE_AUTH', 'Stress User 57', 'client', '11977592209', NULL, '2026-01-28T22:08:33.000Z', 0, NULL, NULL, 'active');
INSERT INTO users (id, firebase_uid, email, password_hash, full_name, role, phone, avatar_url, created_at, is_verified, avatar_blob, avatar_mime, status) VALUES ('88', 'mock_user_stress_ffdf06ef@test.com', 'user_stress_ffdf06ef@test.com', 'FIREBASE_AUTH', 'Stress User 49', 'client', '11910663367', NULL, '2026-01-28T22:08:33.000Z', 0, NULL, NULL, 'active');
INSERT INTO users (id, firebase_uid, email, password_hash, full_name, role, phone, avatar_url, created_at, is_verified, avatar_blob, avatar_mime, status) VALUES ('90', 'mock_user_stress_efe72635@test.com', 'user_stress_efe72635@test.com', 'FIREBASE_AUTH', 'Stress User 51', 'client', '11945023333', NULL, '2026-01-28T22:08:33.000Z', 0, NULL, NULL, 'active');
INSERT INTO users (id, firebase_uid, email, password_hash, full_name, role, phone, avatar_url, created_at, is_verified, avatar_blob, avatar_mime, status) VALUES ('89', 'mock_user_stress_5767270b@test.com', 'user_stress_5767270b@test.com', 'FIREBASE_AUTH', 'Stress User 56', 'client', '11931125611', NULL, '2026-01-28T22:08:33.000Z', 0, NULL, NULL, 'active');
INSERT INTO users (id, firebase_uid, email, password_hash, full_name, role, phone, avatar_url, created_at, is_verified, avatar_blob, avatar_mime, status) VALUES ('91', 'mock_user_stress_2a5940d2@test.com', 'user_stress_2a5940d2@test.com', 'FIREBASE_AUTH', 'Stress User 50', 'client', '11951202158', NULL, '2026-01-28T22:08:33.000Z', 0, NULL, NULL, 'active');
INSERT INTO users (id, firebase_uid, email, password_hash, full_name, role, phone, avatar_url, created_at, is_verified, avatar_blob, avatar_mime, status) VALUES ('92', 'mock_user_stress_e43bf831@test.com', 'user_stress_e43bf831@test.com', 'FIREBASE_AUTH', 'Stress User 55', 'client', '11980464029', NULL, '2026-01-28T22:08:33.000Z', 0, NULL, NULL, 'active');
INSERT INTO users (id, firebase_uid, email, password_hash, full_name, role, phone, avatar_url, created_at, is_verified, avatar_blob, avatar_mime, status) VALUES ('93', 'mock_user_stress_bedc19c8@test.com', 'user_stress_bedc19c8@test.com', 'FIREBASE_AUTH', 'Stress User 52', 'client', '1199919642', NULL, '2026-01-28T22:08:33.000Z', 0, NULL, NULL, 'active');
INSERT INTO users (id, firebase_uid, email, password_hash, full_name, role, phone, avatar_url, created_at, is_verified, avatar_blob, avatar_mime, status) VALUES ('94', 'mock_user_stress_3501e5a8@test.com', 'user_stress_3501e5a8@test.com', 'FIREBASE_AUTH', 'Stress User 54', 'client', '1197581851', NULL, '2026-01-28T22:08:33.000Z', 0, NULL, NULL, 'active');
INSERT INTO users (id, firebase_uid, email, password_hash, full_name, role, phone, avatar_url, created_at, is_verified, avatar_blob, avatar_mime, status) VALUES ('95', 'mock_user_stress_967166dc@test.com', 'user_stress_967166dc@test.com', 'FIREBASE_AUTH', 'Stress User 53', 'client', '11984745773', NULL, '2026-01-28T22:08:33.000Z', 0, NULL, NULL, 'active');
INSERT INTO users (id, firebase_uid, email, password_hash, full_name, role, phone, avatar_url, created_at, is_verified, avatar_blob, avatar_mime, status) VALUES ('96', 'mock_user_stress_f4617581@test.com', 'user_stress_f4617581@test.com', 'FIREBASE_AUTH', 'Stress User 59', 'client', '1199333057', NULL, '2026-01-28T22:08:34.000Z', 0, NULL, NULL, 'active');
INSERT INTO users (id, firebase_uid, email, password_hash, full_name, role, phone, avatar_url, created_at, is_verified, avatar_blob, avatar_mime, status) VALUES ('97', 'mock_user_stress_ddc9cb0a@test.com', 'user_stress_ddc9cb0a@test.com', 'FIREBASE_AUTH', 'Stress User 58', 'client', '11944333052', NULL, '2026-01-28T22:08:34.000Z', 0, NULL, NULL, 'active');
INSERT INTO users (id, firebase_uid, email, password_hash, full_name, role, phone, avatar_url, created_at, is_verified, avatar_blob, avatar_mime, status) VALUES ('98', 'mock_user_stress_f1393a4e@test.com', 'user_stress_f1393a4e@test.com', 'FIREBASE_AUTH', 'Stress User 63', 'client', '11986313797', NULL, '2026-01-28T22:08:39.000Z', 0, NULL, NULL, 'active');
INSERT INTO users (id, firebase_uid, email, password_hash, full_name, role, phone, avatar_url, created_at, is_verified, avatar_blob, avatar_mime, status) VALUES ('99', 'mock_user_stress_4a67e23b@test.com', 'user_stress_4a67e23b@test.com', 'FIREBASE_AUTH', 'Stress User 61', 'client', '11912584329', NULL, '2026-01-28T22:08:39.000Z', 0, NULL, NULL, 'active');
INSERT INTO users (id, firebase_uid, email, password_hash, full_name, role, phone, avatar_url, created_at, is_verified, avatar_blob, avatar_mime, status) VALUES ('100', 'mock_user_stress_aef7b41e@test.com', 'user_stress_aef7b41e@test.com', 'FIREBASE_AUTH', 'Stress User 65', 'client', '11973442218', NULL, '2026-01-28T22:08:39.000Z', 0, NULL, NULL, 'active');
INSERT INTO users (id, firebase_uid, email, password_hash, full_name, role, phone, avatar_url, created_at, is_verified, avatar_blob, avatar_mime, status) VALUES ('101', 'mock_user_stress_ccb8fe9d@test.com', 'user_stress_ccb8fe9d@test.com', 'FIREBASE_AUTH', 'Stress User 66', 'client', '11953995661', NULL, '2026-01-28T22:08:39.000Z', 0, NULL, NULL, 'active');
INSERT INTO users (id, firebase_uid, email, password_hash, full_name, role, phone, avatar_url, created_at, is_verified, avatar_blob, avatar_mime, status) VALUES ('102', 'mock_user_stress_7eee65d5@test.com', 'user_stress_7eee65d5@test.com', 'FIREBASE_AUTH', 'Stress User 60', 'client', '11922761742', NULL, '2026-01-28T22:08:39.000Z', 0, NULL, NULL, 'active');
INSERT INTO users (id, firebase_uid, email, password_hash, full_name, role, phone, avatar_url, created_at, is_verified, avatar_blob, avatar_mime, status) VALUES ('103', 'mock_user_stress_94f60587@test.com', 'user_stress_94f60587@test.com', 'FIREBASE_AUTH', 'Stress User 62', 'client', '11985106453', NULL, '2026-01-28T22:08:39.000Z', 0, NULL, NULL, 'active');
INSERT INTO users (id, firebase_uid, email, password_hash, full_name, role, phone, avatar_url, created_at, is_verified, avatar_blob, avatar_mime, status) VALUES ('104', 'mock_user_stress_79d3fab8@test.com', 'user_stress_79d3fab8@test.com', 'FIREBASE_AUTH', 'Stress User 68', 'client', '11984481233', NULL, '2026-01-28T22:08:40.000Z', 0, NULL, NULL, 'active');
INSERT INTO users (id, firebase_uid, email, password_hash, full_name, role, phone, avatar_url, created_at, is_verified, avatar_blob, avatar_mime, status) VALUES ('105', 'mock_user_stress_aff5aa52@test.com', 'user_stress_aff5aa52@test.com', 'FIREBASE_AUTH', 'Stress User 67', 'client', '11982382820', NULL, '2026-01-28T22:08:40.000Z', 0, NULL, NULL, 'active');
INSERT INTO users (id, firebase_uid, email, password_hash, full_name, role, phone, avatar_url, created_at, is_verified, avatar_blob, avatar_mime, status) VALUES ('106', 'mock_user_stress_0a345776@test.com', 'user_stress_0a345776@test.com', 'FIREBASE_AUTH', 'Stress User 72', 'client', '11945881414', NULL, '2026-01-28T22:08:40.000Z', 0, NULL, NULL, 'active');
INSERT INTO users (id, firebase_uid, email, password_hash, full_name, role, phone, avatar_url, created_at, is_verified, avatar_blob, avatar_mime, status) VALUES ('107', 'mock_user_stress_b7d7d085@test.com', 'user_stress_b7d7d085@test.com', 'FIREBASE_AUTH', 'Stress User 70', 'client', '11988233125', NULL, '2026-01-28T22:08:40.000Z', 0, NULL, NULL, 'active');
INSERT INTO users (id, firebase_uid, email, password_hash, full_name, role, phone, avatar_url, created_at, is_verified, avatar_blob, avatar_mime, status) VALUES ('108', 'mock_user_stress_75104fb4@test.com', 'user_stress_75104fb4@test.com', 'FIREBASE_AUTH', 'Stress User 64', 'client', '11933735070', NULL, '2026-01-28T22:08:40.000Z', 0, NULL, NULL, 'active');
INSERT INTO users (id, firebase_uid, email, password_hash, full_name, role, phone, avatar_url, created_at, is_verified, avatar_blob, avatar_mime, status) VALUES ('109', 'mock_user_stress_5c49bfd7@test.com', 'user_stress_5c49bfd7@test.com', 'FIREBASE_AUTH', 'Stress User 75', 'client', '11966189775', NULL, '2026-01-28T22:08:40.000Z', 0, NULL, NULL, 'active');
INSERT INTO users (id, firebase_uid, email, password_hash, full_name, role, phone, avatar_url, created_at, is_verified, avatar_blob, avatar_mime, status) VALUES ('110', 'mock_user_stress_10340acd@test.com', 'user_stress_10340acd@test.com', 'FIREBASE_AUTH', 'Stress User 76', 'client', '11921215603', NULL, '2026-01-28T22:08:40.000Z', 0, NULL, NULL, 'active');
INSERT INTO users (id, firebase_uid, email, password_hash, full_name, role, phone, avatar_url, created_at, is_verified, avatar_blob, avatar_mime, status) VALUES ('111', 'mock_user_stress_1a2acba8@test.com', 'user_stress_1a2acba8@test.com', 'FIREBASE_AUTH', 'Stress User 74', 'client', '11934710646', NULL, '2026-01-28T22:08:40.000Z', 0, NULL, NULL, 'active');
INSERT INTO users (id, firebase_uid, email, password_hash, full_name, role, phone, avatar_url, created_at, is_verified, avatar_blob, avatar_mime, status) VALUES ('112', 'mock_user_stress_da5eae6d@test.com', 'user_stress_da5eae6d@test.com', 'FIREBASE_AUTH', 'Stress User 77', 'client', '11929089806', NULL, '2026-01-28T22:08:40.000Z', 0, NULL, NULL, 'active');
INSERT INTO users (id, firebase_uid, email, password_hash, full_name, role, phone, avatar_url, created_at, is_verified, avatar_blob, avatar_mime, status) VALUES ('113', 'mock_user_stress_0edd053c@test.com', 'user_stress_0edd053c@test.com', 'FIREBASE_AUTH', 'Stress User 71', 'client', '11959638265', NULL, '2026-01-28T22:08:41.000Z', 0, NULL, NULL, 'active');
INSERT INTO users (id, firebase_uid, email, password_hash, full_name, role, phone, avatar_url, created_at, is_verified, avatar_blob, avatar_mime, status) VALUES ('114', 'mock_user_stress_45ef55d6@test.com', 'user_stress_45ef55d6@test.com', 'FIREBASE_AUTH', 'Stress User 73', 'client', '11921841750', NULL, '2026-01-28T22:08:41.000Z', 0, NULL, NULL, 'active');
INSERT INTO users (id, firebase_uid, email, password_hash, full_name, role, phone, avatar_url, created_at, is_verified, avatar_blob, avatar_mime, status) VALUES ('115', 'mock_user_stress_51017aed@test.com', 'user_stress_51017aed@test.com', 'FIREBASE_AUTH', 'Stress User 69', 'client', '11923558964', NULL, '2026-01-28T22:08:41.000Z', 0, NULL, NULL, 'active');
INSERT INTO users (id, firebase_uid, email, password_hash, full_name, role, phone, avatar_url, created_at, is_verified, avatar_blob, avatar_mime, status) VALUES ('116', 'mock_user_stress_a48de877@test.com', 'user_stress_a48de877@test.com', 'FIREBASE_AUTH', 'Stress User 78', 'client', '11915911726', NULL, '2026-01-28T22:08:41.000Z', 0, NULL, NULL, 'active');
INSERT INTO users (id, firebase_uid, email, password_hash, full_name, role, phone, avatar_url, created_at, is_verified, avatar_blob, avatar_mime, status) VALUES ('117', 'mock_user_stress_2f297481@test.com', 'user_stress_2f297481@test.com', 'FIREBASE_AUTH', 'Stress User 79', 'client', '11955151449', NULL, '2026-01-28T22:08:41.000Z', 0, NULL, NULL, 'active');
INSERT INTO users (id, firebase_uid, email, password_hash, full_name, role, phone, avatar_url, created_at, is_verified, avatar_blob, avatar_mime, status) VALUES ('118', 'mock_user_stress_340b3c2f@test.com', 'user_stress_340b3c2f@test.com', 'FIREBASE_AUTH', 'Stress User 80', 'client', '11914081257', NULL, '2026-01-28T22:08:47.000Z', 0, NULL, NULL, 'active');
INSERT INTO users (id, firebase_uid, email, password_hash, full_name, role, phone, avatar_url, created_at, is_verified, avatar_blob, avatar_mime, status) VALUES ('119', 'mock_user_stress_93c71314@test.com', 'user_stress_93c71314@test.com', 'FIREBASE_AUTH', 'Stress User 84', 'client', '11983092964', NULL, '2026-01-28T22:08:47.000Z', 0, NULL, NULL, 'active');
INSERT INTO users (id, firebase_uid, email, password_hash, full_name, role, phone, avatar_url, created_at, is_verified, avatar_blob, avatar_mime, status) VALUES ('120', 'mock_user_stress_aa6dc614@test.com', 'user_stress_aa6dc614@test.com', 'FIREBASE_AUTH', 'Stress User 81', 'client', '11982363384', NULL, '2026-01-28T22:08:47.000Z', 0, NULL, NULL, 'active');
INSERT INTO users (id, firebase_uid, email, password_hash, full_name, role, phone, avatar_url, created_at, is_verified, avatar_blob, avatar_mime, status) VALUES ('121', 'mock_user_stress_17540ad9@test.com', 'user_stress_17540ad9@test.com', 'FIREBASE_AUTH', 'Stress User 82', 'client', '11929942330', NULL, '2026-01-28T22:08:47.000Z', 0, NULL, NULL, 'active');
INSERT INTO users (id, firebase_uid, email, password_hash, full_name, role, phone, avatar_url, created_at, is_verified, avatar_blob, avatar_mime, status) VALUES ('122', 'mock_user_stress_3ff63f0b@test.com', 'user_stress_3ff63f0b@test.com', 'FIREBASE_AUTH', 'Stress User 83', 'client', '11950405575', NULL, '2026-01-28T22:08:47.000Z', 0, NULL, NULL, 'active');
INSERT INTO users (id, firebase_uid, email, password_hash, full_name, role, phone, avatar_url, created_at, is_verified, avatar_blob, avatar_mime, status) VALUES ('123', 'mock_user_stress_0ffc492d@test.com', 'user_stress_0ffc492d@test.com', 'FIREBASE_AUTH', 'Stress User 93', 'client', '11966354379', NULL, '2026-01-28T22:08:47.000Z', 0, NULL, NULL, 'active');
INSERT INTO users (id, firebase_uid, email, password_hash, full_name, role, phone, avatar_url, created_at, is_verified, avatar_blob, avatar_mime, status) VALUES ('124', 'mock_user_stress_58e74848@test.com', 'user_stress_58e74848@test.com', 'FIREBASE_AUTH', 'Stress User 89', 'client', '1191764403', NULL, '2026-01-28T22:08:47.000Z', 0, NULL, NULL, 'active');
INSERT INTO users (id, firebase_uid, email, password_hash, full_name, role, phone, avatar_url, created_at, is_verified, avatar_blob, avatar_mime, status) VALUES ('126', 'mock_user_stress_6a991a56@test.com', 'user_stress_6a991a56@test.com', 'FIREBASE_AUTH', 'Stress User 94', 'client', '11998723423', NULL, '2026-01-28T22:08:48.000Z', 0, NULL, NULL, 'active');
INSERT INTO users (id, firebase_uid, email, password_hash, full_name, role, phone, avatar_url, created_at, is_verified, avatar_blob, avatar_mime, status) VALUES ('142', 'mock_provider_stress_8a59e4a8@test.com', 'provider_stress_8a59e4a8@test.com', 'FIREBASE_AUTH', 'Stress Provider 8', 'provider', '11977735317', NULL, '2026-01-28T22:08:53.000Z', 0, NULL, NULL, 'active');
INSERT INTO users (id, firebase_uid, email, password_hash, full_name, role, phone, avatar_url, created_at, is_verified, avatar_blob, avatar_mime, status) VALUES ('151', 'mock_user_stress_4368a1a1@test.com', 'user_stress_4368a1a1@test.com', 'FIREBASE_AUTH', 'Stress User 1', 'client', '11932266534', NULL, '2026-01-28T22:09:13.000Z', 0, NULL, NULL, 'active');
INSERT INTO users (id, firebase_uid, email, password_hash, full_name, role, phone, avatar_url, created_at, is_verified, avatar_blob, avatar_mime, status) VALUES ('153', 'mock_user_stress_f5c22cd0@test.com', 'user_stress_f5c22cd0@test.com', 'FIREBASE_AUTH', 'Stress User 13', 'client', '11914845703', NULL, '2026-01-28T22:09:14.000Z', 0, NULL, NULL, 'active');
INSERT INTO users (id, firebase_uid, email, password_hash, full_name, role, phone, avatar_url, created_at, is_verified, avatar_blob, avatar_mime, status) VALUES ('163', 'mock_user_stress_630eb740@test.com', 'user_stress_630eb740@test.com', 'FIREBASE_AUTH', 'Stress User 18', 'client', '11957911067', NULL, '2026-01-28T22:09:16.000Z', 0, NULL, NULL, 'active');
INSERT INTO users (id, firebase_uid, email, password_hash, full_name, role, phone, avatar_url, created_at, is_verified, avatar_blob, avatar_mime, status) VALUES ('170', 'mock_user_stress_ff2faa71@test.com', 'user_stress_ff2faa71@test.com', 'FIREBASE_AUTH', 'Stress User 27', 'client', '11959071229', NULL, '2026-01-28T22:09:22.000Z', 0, NULL, NULL, 'active');
INSERT INTO users (id, firebase_uid, email, password_hash, full_name, role, phone, avatar_url, created_at, is_verified, avatar_blob, avatar_mime, status) VALUES ('174', 'mock_user_stress_878e6dcc@test.com', 'user_stress_878e6dcc@test.com', 'FIREBASE_AUTH', 'Stress User 31', 'client', '11975912441', NULL, '2026-01-28T22:09:23.000Z', 0, NULL, NULL, 'active');
INSERT INTO users (id, firebase_uid, email, password_hash, full_name, role, phone, avatar_url, created_at, is_verified, avatar_blob, avatar_mime, status) VALUES ('183', 'mock_user_stress_c5b99446@test.com', 'user_stress_c5b99446@test.com', 'FIREBASE_AUTH', 'Stress User 38', 'client', '11992415976', NULL, '2026-01-28T22:09:24.000Z', 0, NULL, NULL, 'active');
INSERT INTO users (id, firebase_uid, email, password_hash, full_name, role, phone, avatar_url, created_at, is_verified, avatar_blob, avatar_mime, status) VALUES ('125', 'mock_user_stress_2ffe97bc@test.com', 'user_stress_2ffe97bc@test.com', 'FIREBASE_AUTH', 'Stress User 97', 'client', '11930475884', NULL, '2026-01-28T22:08:48.000Z', 0, NULL, NULL, 'active');
INSERT INTO users (id, firebase_uid, email, password_hash, full_name, role, phone, avatar_url, created_at, is_verified, avatar_blob, avatar_mime, status) VALUES ('137', 'mock_provider_stress_b403a77a@test.com', 'provider_stress_b403a77a@test.com', 'FIREBASE_AUTH', 'Stress Provider 3', 'provider', '11982535284', NULL, '2026-01-28T22:08:53.000Z', 0, NULL, NULL, 'active');
INSERT INTO users (id, firebase_uid, email, password_hash, full_name, role, phone, avatar_url, created_at, is_verified, avatar_blob, avatar_mime, status) VALUES ('157', 'mock_user_stress_a3b73d4e@test.com', 'user_stress_a3b73d4e@test.com', 'FIREBASE_AUTH', 'Stress User 10', 'client', '11969330668', NULL, '2026-01-28T22:09:15.000Z', 0, NULL, NULL, 'active');
INSERT INTO users (id, firebase_uid, email, password_hash, full_name, role, phone, avatar_url, created_at, is_verified, avatar_blob, avatar_mime, status) VALUES ('164', 'mock_user_stress_8e28198f@test.com', 'user_stress_8e28198f@test.com', 'FIREBASE_AUTH', 'Stress User 20', 'client', '1198127767', NULL, '2026-01-28T22:09:22.000Z', 0, NULL, NULL, 'active');
INSERT INTO users (id, firebase_uid, email, password_hash, full_name, role, phone, avatar_url, created_at, is_verified, avatar_blob, avatar_mime, status) VALUES ('171', 'mock_user_stress_9626319a@test.com', 'user_stress_9626319a@test.com', 'FIREBASE_AUTH', 'Stress User 26', 'client', '11912576223', NULL, '2026-01-28T22:09:23.000Z', 0, NULL, NULL, 'active');
INSERT INTO users (id, firebase_uid, email, password_hash, full_name, role, phone, avatar_url, created_at, is_verified, avatar_blob, avatar_mime, status) VALUES ('180', 'mock_user_stress_e149db2f@test.com', 'user_stress_e149db2f@test.com', 'FIREBASE_AUTH', 'Stress User 33', 'client', '11921319173', NULL, '2026-01-28T22:09:24.000Z', 0, NULL, NULL, 'active');
INSERT INTO users (id, firebase_uid, email, password_hash, full_name, role, phone, avatar_url, created_at, is_verified, avatar_blob, avatar_mime, status) VALUES ('127', 'mock_user_stress_11544175@test.com', 'user_stress_11544175@test.com', 'FIREBASE_AUTH', 'Stress User 95', 'client', '11989493318', NULL, '2026-01-28T22:08:48.000Z', 0, NULL, NULL, 'active');
INSERT INTO users (id, firebase_uid, email, password_hash, full_name, role, phone, avatar_url, created_at, is_verified, avatar_blob, avatar_mime, status) VALUES ('144', 'mock_provider_stress_8f07c3e1@test.com', 'provider_stress_8f07c3e1@test.com', 'FIREBASE_AUTH', 'Stress Provider 6', 'provider', '11991002575', NULL, '2026-01-28T22:08:54.000Z', 0, NULL, NULL, 'active');
INSERT INTO users (id, firebase_uid, email, password_hash, full_name, role, phone, avatar_url, created_at, is_verified, avatar_blob, avatar_mime, status) VALUES ('147', 'mock_user_stress_5f109dc6@test.com', 'user_stress_5f109dc6@test.com', 'FIREBASE_AUTH', 'Stress User 0', 'client', '11910074955', NULL, '2026-01-28T22:09:13.000Z', 0, NULL, NULL, 'active');
INSERT INTO users (id, firebase_uid, email, password_hash, full_name, role, phone, avatar_url, created_at, is_verified, avatar_blob, avatar_mime, status) VALUES ('159', 'mock_user_stress_27230773@test.com', 'user_stress_27230773@test.com', 'FIREBASE_AUTH', 'Stress User 17', 'client', '11920194761', NULL, '2026-01-28T22:09:15.000Z', 0, NULL, NULL, 'active');
INSERT INTO users (id, firebase_uid, email, password_hash, full_name, role, phone, avatar_url, created_at, is_verified, avatar_blob, avatar_mime, status) VALUES ('165', 'mock_user_stress_e120407b@test.com', 'user_stress_e120407b@test.com', 'FIREBASE_AUTH', 'Stress User 24', 'client', '11939717342', NULL, '2026-01-28T22:09:22.000Z', 0, NULL, NULL, 'active');
INSERT INTO users (id, firebase_uid, email, password_hash, full_name, role, phone, avatar_url, created_at, is_verified, avatar_blob, avatar_mime, status) VALUES ('178', 'mock_user_stress_2cec2deb@test.com', 'user_stress_2cec2deb@test.com', 'FIREBASE_AUTH', 'Stress User 32', 'client', '11911426186', NULL, '2026-01-28T22:09:23.000Z', 0, NULL, NULL, 'active');
INSERT INTO users (id, firebase_uid, email, password_hash, full_name, role, phone, avatar_url, created_at, is_verified, avatar_blob, avatar_mime, status) VALUES ('128', 'mock_user_stress_fda110ac@test.com', 'user_stress_fda110ac@test.com', 'FIREBASE_AUTH', 'Stress User 91', 'client', '11976748046', NULL, '2026-01-28T22:08:48.000Z', 0, NULL, NULL, 'active');
INSERT INTO users (id, firebase_uid, email, password_hash, full_name, role, phone, avatar_url, created_at, is_verified, avatar_blob, avatar_mime, status) VALUES ('138', 'mock_provider_stress_3a407e22@test.com', 'provider_stress_3a407e22@test.com', 'FIREBASE_AUTH', 'Stress Provider 4', 'provider', '11979795314', NULL, '2026-01-28T22:08:53.000Z', 0, NULL, NULL, 'active');
INSERT INTO users (id, firebase_uid, email, password_hash, full_name, role, phone, avatar_url, created_at, is_verified, avatar_blob, avatar_mime, status) VALUES ('148', 'mock_user_stress_1ba8f8bd@test.com', 'user_stress_1ba8f8bd@test.com', 'FIREBASE_AUTH', 'Stress User 7', 'client', '11919400615', NULL, '2026-01-28T22:09:13.000Z', 0, NULL, NULL, 'active');
INSERT INTO users (id, firebase_uid, email, password_hash, full_name, role, phone, avatar_url, created_at, is_verified, avatar_blob, avatar_mime, status) VALUES ('155', 'mock_user_stress_de7f5679@test.com', 'user_stress_de7f5679@test.com', 'FIREBASE_AUTH', 'Stress User 14', 'client', '11944514943', NULL, '2026-01-28T22:09:15.000Z', 0, NULL, NULL, 'active');
INSERT INTO users (id, firebase_uid, email, password_hash, full_name, role, phone, avatar_url, created_at, is_verified, avatar_blob, avatar_mime, status) VALUES ('162', 'mock_user_stress_e64ce779@test.com', 'user_stress_e64ce779@test.com', 'FIREBASE_AUTH', 'Stress User 19', 'client', '1194844947', NULL, '2026-01-28T22:09:15.000Z', 0, NULL, NULL, 'active');
INSERT INTO users (id, firebase_uid, email, password_hash, full_name, role, phone, avatar_url, created_at, is_verified, avatar_blob, avatar_mime, status) VALUES ('169', 'mock_user_stress_36b323e4@test.com', 'user_stress_36b323e4@test.com', 'FIREBASE_AUTH', 'Stress User 22', 'client', '11952131015', NULL, '2026-01-28T22:09:22.000Z', 0, NULL, NULL, 'active');
INSERT INTO users (id, firebase_uid, email, password_hash, full_name, role, phone, avatar_url, created_at, is_verified, avatar_blob, avatar_mime, status) VALUES ('176', 'mock_user_stress_63c96e26@test.com', 'user_stress_63c96e26@test.com', 'FIREBASE_AUTH', 'Stress User 30', 'client', '11916217254', NULL, '2026-01-28T22:09:23.000Z', 0, NULL, NULL, 'active');
INSERT INTO users (id, firebase_uid, email, password_hash, full_name, role, phone, avatar_url, created_at, is_verified, avatar_blob, avatar_mime, status) VALUES ('129', 'mock_user_stress_889c8c57@test.com', 'user_stress_889c8c57@test.com', 'FIREBASE_AUTH', 'Stress User 90', 'client', '1196092155', NULL, '2026-01-28T22:08:48.000Z', 0, NULL, NULL, 'active');
INSERT INTO users (id, firebase_uid, email, password_hash, full_name, role, phone, avatar_url, created_at, is_verified, avatar_blob, avatar_mime, status) VALUES ('136', 'mock_provider_stress_90f735dc@test.com', 'provider_stress_90f735dc@test.com', 'FIREBASE_AUTH', 'Stress Provider 0', 'provider', '11945235442', NULL, '2026-01-28T22:08:53.000Z', 0, NULL, NULL, 'active');
INSERT INTO users (id, firebase_uid, email, password_hash, full_name, role, phone, avatar_url, created_at, is_verified, avatar_blob, avatar_mime, status) VALUES ('160', 'mock_user_stress_765c0fe8@test.com', 'user_stress_765c0fe8@test.com', 'FIREBASE_AUTH', 'Stress User 12', 'client', '11946415213', NULL, '2026-01-28T22:09:15.000Z', 0, NULL, NULL, 'active');
INSERT INTO users (id, firebase_uid, email, password_hash, full_name, role, phone, avatar_url, created_at, is_verified, avatar_blob, avatar_mime, status) VALUES ('166', 'mock_user_stress_0a42135c@test.com', 'user_stress_0a42135c@test.com', 'FIREBASE_AUTH', 'Stress User 23', 'client', '11976510302', NULL, '2026-01-28T22:09:22.000Z', 0, NULL, NULL, 'active');
INSERT INTO users (id, firebase_uid, email, password_hash, full_name, role, phone, avatar_url, created_at, is_verified, avatar_blob, avatar_mime, status) VALUES ('177', 'mock_user_stress_e10dd587@test.com', 'user_stress_e10dd587@test.com', 'FIREBASE_AUTH', 'Stress User 29', 'client', '11975164667', NULL, '2026-01-28T22:09:23.000Z', 0, NULL, NULL, 'active');
INSERT INTO users (id, firebase_uid, email, password_hash, full_name, role, phone, avatar_url, created_at, is_verified, avatar_blob, avatar_mime, status) VALUES ('182', 'mock_user_stress_7834d89d@test.com', 'user_stress_7834d89d@test.com', 'FIREBASE_AUTH', 'Stress User 39', 'client', '11957410714', NULL, '2026-01-28T22:09:24.000Z', 0, NULL, NULL, 'active');
INSERT INTO users (id, firebase_uid, email, password_hash, full_name, role, phone, avatar_url, created_at, is_verified, avatar_blob, avatar_mime, status) VALUES ('130', 'mock_user_stress_7497264b@test.com', 'user_stress_7497264b@test.com', 'FIREBASE_AUTH', 'Stress User 96', 'client', '11986064097', NULL, '2026-01-28T22:08:48.000Z', 0, NULL, NULL, 'active');
INSERT INTO users (id, firebase_uid, email, password_hash, full_name, role, phone, avatar_url, created_at, is_verified, avatar_blob, avatar_mime, status) VALUES ('139', 'mock_provider_stress_f9010442@test.com', 'provider_stress_f9010442@test.com', 'FIREBASE_AUTH', 'Stress Provider 1', 'provider', '11934189531', NULL, '2026-01-28T22:08:53.000Z', 0, NULL, NULL, 'active');
INSERT INTO users (id, firebase_uid, email, password_hash, full_name, role, phone, avatar_url, created_at, is_verified, avatar_blob, avatar_mime, status) VALUES ('149', 'mock_user_stress_e5e228e1@test.com', 'user_stress_e5e228e1@test.com', 'FIREBASE_AUTH', 'Stress User 4', 'client', '11927630890', NULL, '2026-01-28T22:09:13.000Z', 0, NULL, NULL, 'active');
INSERT INTO users (id, firebase_uid, email, password_hash, full_name, role, phone, avatar_url, created_at, is_verified, avatar_blob, avatar_mime, status) VALUES ('158', 'mock_user_stress_e6d79932@test.com', 'user_stress_e6d79932@test.com', 'FIREBASE_AUTH', 'Stress User 9', 'client', '11986046737', NULL, '2026-01-28T22:09:15.000Z', 0, NULL, NULL, 'active');
INSERT INTO users (id, firebase_uid, email, password_hash, full_name, role, phone, avatar_url, created_at, is_verified, avatar_blob, avatar_mime, status) VALUES ('168', 'mock_user_stress_f1e963a6@test.com', 'user_stress_f1e963a6@test.com', 'FIREBASE_AUTH', 'Stress User 21', 'client', '1199175480', NULL, '2026-01-28T22:09:22.000Z', 0, NULL, NULL, 'active');
INSERT INTO users (id, firebase_uid, email, password_hash, full_name, role, phone, avatar_url, created_at, is_verified, avatar_blob, avatar_mime, status) VALUES ('175', 'mock_user_stress_095634d1@test.com', 'user_stress_095634d1@test.com', 'FIREBASE_AUTH', 'Stress User 34', 'client', '11911324205', NULL, '2026-01-28T22:09:23.000Z', 0, NULL, NULL, 'active');
INSERT INTO users (id, firebase_uid, email, password_hash, full_name, role, phone, avatar_url, created_at, is_verified, avatar_blob, avatar_mime, status) VALUES ('131', 'mock_user_stress_d778ef8a@test.com', 'user_stress_d778ef8a@test.com', 'FIREBASE_AUTH', 'Stress User 99', 'client', '11993084762', NULL, '2026-01-28T22:08:48.000Z', 0, NULL, NULL, 'active');
INSERT INTO users (id, firebase_uid, email, password_hash, full_name, role, phone, avatar_url, created_at, is_verified, avatar_blob, avatar_mime, status) VALUES ('143', 'mock_provider_stress_fb7488f5@test.com', 'provider_stress_fb7488f5@test.com', 'FIREBASE_AUTH', 'Stress Provider 7', 'provider', '11923788710', NULL, '2026-01-28T22:08:53.000Z', 0, NULL, NULL, 'active');
INSERT INTO users (id, firebase_uid, email, password_hash, full_name, role, phone, avatar_url, created_at, is_verified, avatar_blob, avatar_mime, status) VALUES ('146', 'mock_user_stress_71ac7052@test.com', 'user_stress_71ac7052@test.com', 'FIREBASE_AUTH', 'Stress User 3', 'client', '11914968360', NULL, '2026-01-28T22:09:13.000Z', 0, NULL, NULL, 'active');
INSERT INTO users (id, firebase_uid, email, password_hash, full_name, role, phone, avatar_url, created_at, is_verified, avatar_blob, avatar_mime, status) VALUES ('161', 'mock_user_stress_cf6da51c@test.com', 'user_stress_cf6da51c@test.com', 'FIREBASE_AUTH', 'Stress User 15', 'client', '11965034663', NULL, '2026-01-28T22:09:15.000Z', 0, NULL, NULL, 'active');
INSERT INTO users (id, firebase_uid, email, password_hash, full_name, role, phone, avatar_url, created_at, is_verified, avatar_blob, avatar_mime, status) VALUES ('179', 'mock_user_stress_20a94ca6@test.com', 'user_stress_20a94ca6@test.com', 'FIREBASE_AUTH', 'Stress User 36', 'client', '11934102252', NULL, '2026-01-28T22:09:23.000Z', 0, NULL, NULL, 'active');
INSERT INTO users (id, firebase_uid, email, password_hash, full_name, role, phone, avatar_url, created_at, is_verified, avatar_blob, avatar_mime, status) VALUES ('132', 'mock_user_stress_93c64918@test.com', 'user_stress_93c64918@test.com', 'FIREBASE_AUTH', 'Stress User 98', 'client', '11943777166', NULL, '2026-01-28T22:08:48.000Z', 0, NULL, NULL, 'active');
INSERT INTO users (id, firebase_uid, email, password_hash, full_name, role, phone, avatar_url, created_at, is_verified, avatar_blob, avatar_mime, status) VALUES ('135', 'mock_user_stress_801e4c3a@test.com', 'user_stress_801e4c3a@test.com', 'FIREBASE_AUTH', 'Stress User 92', 'client', '11963970415', NULL, '2026-01-28T22:08:49.000Z', 0, NULL, NULL, 'active');
INSERT INTO users (id, firebase_uid, email, password_hash, full_name, role, phone, avatar_url, created_at, is_verified, avatar_blob, avatar_mime, status) VALUES ('140', 'mock_provider_stress_847f235d@test.com', 'provider_stress_847f235d@test.com', 'FIREBASE_AUTH', 'Stress Provider 5', 'provider', '11948031382', NULL, '2026-01-28T22:08:53.000Z', 0, NULL, NULL, 'active');
INSERT INTO users (id, firebase_uid, email, password_hash, full_name, role, phone, avatar_url, created_at, is_verified, avatar_blob, avatar_mime, status) VALUES ('150', 'mock_user_stress_10073b85@test.com', 'user_stress_10073b85@test.com', 'FIREBASE_AUTH', 'Stress User 5', 'client', '11945994211', NULL, '2026-01-28T22:09:13.000Z', 0, NULL, NULL, 'active');
INSERT INTO users (id, firebase_uid, email, password_hash, full_name, role, phone, avatar_url, created_at, is_verified, avatar_blob, avatar_mime, status) VALUES ('156', 'mock_user_stress_fcad01aa@test.com', 'user_stress_fcad01aa@test.com', 'FIREBASE_AUTH', 'Stress User 11', 'client', '11954904232', NULL, '2026-01-28T22:09:15.000Z', 0, NULL, NULL, 'active');
INSERT INTO users (id, firebase_uid, email, password_hash, full_name, role, phone, avatar_url, created_at, is_verified, avatar_blob, avatar_mime, status) VALUES ('172', 'mock_user_stress_5e656ade@test.com', 'user_stress_5e656ade@test.com', 'FIREBASE_AUTH', 'Stress User 25', 'client', '11936745988', NULL, '2026-01-28T22:09:23.000Z', 0, NULL, NULL, 'active');
INSERT INTO users (id, firebase_uid, email, password_hash, full_name, role, phone, avatar_url, created_at, is_verified, avatar_blob, avatar_mime, status) VALUES ('181', 'mock_user_stress_34532f80@test.com', 'user_stress_34532f80@test.com', 'FIREBASE_AUTH', 'Stress User 35', 'client', '1191446725', NULL, '2026-01-28T22:09:24.000Z', 0, NULL, NULL, 'active');
INSERT INTO users (id, firebase_uid, email, password_hash, full_name, role, phone, avatar_url, created_at, is_verified, avatar_blob, avatar_mime, status) VALUES ('133', 'mock_user_stress_cd7ee1b6@test.com', 'user_stress_cd7ee1b6@test.com', 'FIREBASE_AUTH', 'Stress User 88', 'client', '119511429', NULL, '2026-01-28T22:08:48.000Z', 0, NULL, NULL, 'active');
INSERT INTO users (id, firebase_uid, email, password_hash, full_name, role, phone, avatar_url, created_at, is_verified, avatar_blob, avatar_mime, status) VALUES ('134', 'mock_user_stress_72b5f55d@test.com', 'user_stress_72b5f55d@test.com', 'FIREBASE_AUTH', 'Stress User 85', 'client', '11958627543', NULL, '2026-01-28T22:08:49.000Z', 0, NULL, NULL, 'active');
INSERT INTO users (id, firebase_uid, email, password_hash, full_name, role, phone, avatar_url, created_at, is_verified, avatar_blob, avatar_mime, status) VALUES ('141', 'mock_provider_stress_9e439b50@test.com', 'provider_stress_9e439b50@test.com', 'FIREBASE_AUTH', 'Stress Provider 2', 'provider', '1192461148', NULL, '2026-01-28T22:08:53.000Z', 0, NULL, NULL, 'active');
INSERT INTO users (id, firebase_uid, email, password_hash, full_name, role, phone, avatar_url, created_at, is_verified, avatar_blob, avatar_mime, status) VALUES ('145', 'mock_provider_stress_c0db93dc@test.com', 'provider_stress_c0db93dc@test.com', 'FIREBASE_AUTH', 'Stress Provider 9', 'provider', '11951725870', NULL, '2026-01-28T22:08:54.000Z', 0, NULL, NULL, 'active');
INSERT INTO users (id, firebase_uid, email, password_hash, full_name, role, phone, avatar_url, created_at, is_verified, avatar_blob, avatar_mime, status) VALUES ('152', 'mock_user_stress_6f6fd3df@test.com', 'user_stress_6f6fd3df@test.com', 'FIREBASE_AUTH', 'Stress User 6', 'client', '11985339056', NULL, '2026-01-28T22:09:13.000Z', 0, NULL, NULL, 'active');
INSERT INTO users (id, firebase_uid, email, password_hash, full_name, role, phone, avatar_url, created_at, is_verified, avatar_blob, avatar_mime, status) VALUES ('154', 'mock_user_stress_e7478a39@test.com', 'user_stress_e7478a39@test.com', 'FIREBASE_AUTH', 'Stress User 16', 'client', '11979724718', NULL, '2026-01-28T22:09:15.000Z', 0, NULL, NULL, 'active');
INSERT INTO users (id, firebase_uid, email, password_hash, full_name, role, phone, avatar_url, created_at, is_verified, avatar_blob, avatar_mime, status) VALUES ('167', 'mock_user_stress_54d0982f@test.com', 'user_stress_54d0982f@test.com', 'FIREBASE_AUTH', 'Stress User 28', 'client', '119814684', NULL, '2026-01-28T22:09:22.000Z', 0, NULL, NULL, 'active');
INSERT INTO users (id, firebase_uid, email, password_hash, full_name, role, phone, avatar_url, created_at, is_verified, avatar_blob, avatar_mime, status) VALUES ('173', 'mock_user_stress_f0f66926@test.com', 'user_stress_f0f66926@test.com', 'FIREBASE_AUTH', 'Stress User 37', 'client', '11972827016', NULL, '2026-01-28T22:09:23.000Z', 0, NULL, NULL, 'active');
INSERT INTO users (id, firebase_uid, email, password_hash, full_name, role, phone, avatar_url, created_at, is_verified, avatar_blob, avatar_mime, status) VALUES ('185', 'mock_user_stress_7b98b5e2@test.com', 'user_stress_7b98b5e2@test.com', 'FIREBASE_AUTH', 'Stress User 42', 'client', '11914639015', NULL, '2026-01-28T22:09:29.000Z', 0, NULL, NULL, 'active');
INSERT INTO users (id, firebase_uid, email, password_hash, full_name, role, phone, avatar_url, created_at, is_verified, avatar_blob, avatar_mime, status) VALUES ('186', 'mock_user_stress_6a5c3e0a@test.com', 'user_stress_6a5c3e0a@test.com', 'FIREBASE_AUTH', 'Stress User 46', 'client', '11941872330', NULL, '2026-01-28T22:09:29.000Z', 0, NULL, NULL, 'active');
INSERT INTO users (id, firebase_uid, email, password_hash, full_name, role, phone, avatar_url, created_at, is_verified, avatar_blob, avatar_mime, status) VALUES ('184', 'mock_user_stress_b311a720@test.com', 'user_stress_b311a720@test.com', 'FIREBASE_AUTH', 'Stress User 45', 'client', '11965088110', NULL, '2026-01-28T22:09:29.000Z', 0, NULL, NULL, 'active');
INSERT INTO users (id, firebase_uid, email, password_hash, full_name, role, phone, avatar_url, created_at, is_verified, avatar_blob, avatar_mime, status) VALUES ('187', 'mock_user_stress_8df99780@test.com', 'user_stress_8df99780@test.com', 'FIREBASE_AUTH', 'Stress User 47', 'client', '11947184654', NULL, '2026-01-28T22:09:29.000Z', 0, NULL, NULL, 'active');
INSERT INTO users (id, firebase_uid, email, password_hash, full_name, role, phone, avatar_url, created_at, is_verified, avatar_blob, avatar_mime, status) VALUES ('188', 'mock_user_stress_d075815c@test.com', 'user_stress_d075815c@test.com', 'FIREBASE_AUTH', 'Stress User 43', 'client', '11974192151', NULL, '2026-01-28T22:09:29.000Z', 0, NULL, NULL, 'active');
INSERT INTO users (id, firebase_uid, email, password_hash, full_name, role, phone, avatar_url, created_at, is_verified, avatar_blob, avatar_mime, status) VALUES ('189', 'mock_user_stress_76c5ad0d@test.com', 'user_stress_76c5ad0d@test.com', 'FIREBASE_AUTH', 'Stress User 41', 'client', '11912690199', NULL, '2026-01-28T22:09:29.000Z', 0, NULL, NULL, 'active');
INSERT INTO users (id, firebase_uid, email, password_hash, full_name, role, phone, avatar_url, created_at, is_verified, avatar_blob, avatar_mime, status) VALUES ('190', 'mock_user_stress_091effc3@test.com', 'user_stress_091effc3@test.com', 'FIREBASE_AUTH', 'Stress User 44', 'client', '11948625503', NULL, '2026-01-28T22:09:29.000Z', 0, NULL, NULL, 'active');
INSERT INTO users (id, firebase_uid, email, password_hash, full_name, role, phone, avatar_url, created_at, is_verified, avatar_blob, avatar_mime, status) VALUES ('191', 'mock_user_stress_0617deed@test.com', 'user_stress_0617deed@test.com', 'FIREBASE_AUTH', 'Stress User 53', 'client', '1192599890', NULL, '2026-01-28T22:09:31.000Z', 0, NULL, NULL, 'active');
INSERT INTO users (id, firebase_uid, email, password_hash, full_name, role, phone, avatar_url, created_at, is_verified, avatar_blob, avatar_mime, status) VALUES ('192', 'mock_user_stress_1d124c39@test.com', 'user_stress_1d124c39@test.com', 'FIREBASE_AUTH', 'Stress User 54', 'client', '11929732374', NULL, '2026-01-28T22:09:31.000Z', 0, NULL, NULL, 'active');
INSERT INTO users (id, firebase_uid, email, password_hash, full_name, role, phone, avatar_url, created_at, is_verified, avatar_blob, avatar_mime, status) VALUES ('193', 'mock_user_stress_9b7c0374@test.com', 'user_stress_9b7c0374@test.com', 'FIREBASE_AUTH', 'Stress User 50', 'client', '11933845625', NULL, '2026-01-28T22:09:31.000Z', 0, NULL, NULL, 'active');
INSERT INTO users (id, firebase_uid, email, password_hash, full_name, role, phone, avatar_url, created_at, is_verified, avatar_blob, avatar_mime, status) VALUES ('194', 'mock_user_stress_ba0bd3ef@test.com', 'user_stress_ba0bd3ef@test.com', 'FIREBASE_AUTH', 'Stress User 51', 'client', '11953397554', NULL, '2026-01-28T22:09:31.000Z', 0, NULL, NULL, 'active');
INSERT INTO users (id, firebase_uid, email, password_hash, full_name, role, phone, avatar_url, created_at, is_verified, avatar_blob, avatar_mime, status) VALUES ('195', 'mock_user_stress_7b3c9613@test.com', 'user_stress_7b3c9613@test.com', 'FIREBASE_AUTH', 'Stress User 49', 'client', '11933280789', NULL, '2026-01-28T22:09:31.000Z', 0, NULL, NULL, 'active');
INSERT INTO users (id, firebase_uid, email, password_hash, full_name, role, phone, avatar_url, created_at, is_verified, avatar_blob, avatar_mime, status) VALUES ('196', 'mock_user_stress_a1798fb1@test.com', 'user_stress_a1798fb1@test.com', 'FIREBASE_AUTH', 'Stress User 57', 'client', '11960973504', NULL, '2026-01-28T22:09:31.000Z', 0, NULL, NULL, 'active');
INSERT INTO users (id, firebase_uid, email, password_hash, full_name, role, phone, avatar_url, created_at, is_verified, avatar_blob, avatar_mime, status) VALUES ('197', 'mock_user_stress_285d2811@test.com', 'user_stress_285d2811@test.com', 'FIREBASE_AUTH', 'Stress User 52', 'client', '1198563873', NULL, '2026-01-28T22:09:31.000Z', 0, NULL, NULL, 'active');
INSERT INTO users (id, firebase_uid, email, password_hash, full_name, role, phone, avatar_url, created_at, is_verified, avatar_blob, avatar_mime, status) VALUES ('198', 'mock_user_stress_bb22d6da@test.com', 'user_stress_bb22d6da@test.com', 'FIREBASE_AUTH', 'Stress User 56', 'client', '11979994101', NULL, '2026-01-28T22:09:31.000Z', 0, NULL, NULL, 'active');
INSERT INTO users (id, firebase_uid, email, password_hash, full_name, role, phone, avatar_url, created_at, is_verified, avatar_blob, avatar_mime, status) VALUES ('199', 'mock_user_stress_bd462092@test.com', 'user_stress_bd462092@test.com', 'FIREBASE_AUTH', 'Stress User 55', 'client', '1197630900', NULL, '2026-01-28T22:09:31.000Z', 0, NULL, NULL, 'active');
INSERT INTO users (id, firebase_uid, email, password_hash, full_name, role, phone, avatar_url, created_at, is_verified, avatar_blob, avatar_mime, status) VALUES ('200', 'mock_user_stress_8091a133@test.com', 'user_stress_8091a133@test.com', 'FIREBASE_AUTH', 'Stress User 59', 'client', '1197944113', NULL, '2026-01-28T22:09:32.000Z', 0, NULL, NULL, 'active');
INSERT INTO users (id, firebase_uid, email, password_hash, full_name, role, phone, avatar_url, created_at, is_verified, avatar_blob, avatar_mime, status) VALUES ('201', 'mock_user_stress_060f8ac2@test.com', 'user_stress_060f8ac2@test.com', 'FIREBASE_AUTH', 'Stress User 58', 'client', '1193754655', NULL, '2026-01-28T22:09:32.000Z', 0, NULL, NULL, 'active');
INSERT INTO users (id, firebase_uid, email, password_hash, full_name, role, phone, avatar_url, created_at, is_verified, avatar_blob, avatar_mime, status) VALUES ('202', 'mock_user_stress_1e5d5ae8@test.com', 'user_stress_1e5d5ae8@test.com', 'FIREBASE_AUTH', 'Stress User 62', 'client', '11913560661', NULL, '2026-01-28T22:09:38.000Z', 0, NULL, NULL, 'active');
INSERT INTO users (id, firebase_uid, email, password_hash, full_name, role, phone, avatar_url, created_at, is_verified, avatar_blob, avatar_mime, status) VALUES ('203', 'mock_user_stress_a7b22d9e@test.com', 'user_stress_a7b22d9e@test.com', 'FIREBASE_AUTH', 'Stress User 64', 'client', '11951697914', NULL, '2026-01-28T22:09:38.000Z', 0, NULL, NULL, 'active');
INSERT INTO users (id, firebase_uid, email, password_hash, full_name, role, phone, avatar_url, created_at, is_verified, avatar_blob, avatar_mime, status) VALUES ('204', 'mock_user_stress_34d42755@test.com', 'user_stress_34d42755@test.com', 'FIREBASE_AUTH', 'Stress User 69', 'client', '11930351038', NULL, '2026-01-28T22:09:39.000Z', 0, NULL, NULL, 'active');
INSERT INTO users (id, firebase_uid, email, password_hash, full_name, role, phone, avatar_url, created_at, is_verified, avatar_blob, avatar_mime, status) VALUES ('205', 'mock_user_stress_8a4ee542@test.com', 'user_stress_8a4ee542@test.com', 'FIREBASE_AUTH', 'Stress User 70', 'client', '11958606251', NULL, '2026-01-28T22:09:39.000Z', 0, NULL, NULL, 'active');
INSERT INTO users (id, firebase_uid, email, password_hash, full_name, role, phone, avatar_url, created_at, is_verified, avatar_blob, avatar_mime, status) VALUES ('206', 'mock_user_stress_48e169d4@test.com', 'user_stress_48e169d4@test.com', 'FIREBASE_AUTH', 'Stress User 71', 'client', '11933554560', NULL, '2026-01-28T22:09:39.000Z', 0, NULL, NULL, 'active');
INSERT INTO users (id, firebase_uid, email, password_hash, full_name, role, phone, avatar_url, created_at, is_verified, avatar_blob, avatar_mime, status) VALUES ('207', 'mock_user_stress_19629d0a@test.com', 'user_stress_19629d0a@test.com', 'FIREBASE_AUTH', 'Stress User 72', 'client', '1192543673', NULL, '2026-01-28T22:09:39.000Z', 0, NULL, NULL, 'active');
INSERT INTO users (id, firebase_uid, email, password_hash, full_name, role, phone, avatar_url, created_at, is_verified, avatar_blob, avatar_mime, status) VALUES ('208', 'mock_user_stress_d7a81c4d@test.com', 'user_stress_d7a81c4d@test.com', 'FIREBASE_AUTH', 'Stress User 67', 'client', '11950809397', NULL, '2026-01-28T22:09:39.000Z', 0, NULL, NULL, 'active');
INSERT INTO users (id, firebase_uid, email, password_hash, full_name, role, phone, avatar_url, created_at, is_verified, avatar_blob, avatar_mime, status) VALUES ('209', 'mock_user_stress_5b731df0@test.com', 'user_stress_5b731df0@test.com', 'FIREBASE_AUTH', 'Stress User 66', 'client', '11982799926', NULL, '2026-01-28T22:09:39.000Z', 0, NULL, NULL, 'active');
INSERT INTO users (id, firebase_uid, email, password_hash, full_name, role, phone, avatar_url, created_at, is_verified, avatar_blob, avatar_mime, status) VALUES ('210', 'mock_user_stress_63503bd4@test.com', 'user_stress_63503bd4@test.com', 'FIREBASE_AUTH', 'Stress User 73', 'client', '11931927526', NULL, '2026-01-28T22:09:40.000Z', 0, NULL, NULL, 'active');
INSERT INTO users (id, firebase_uid, email, password_hash, full_name, role, phone, avatar_url, created_at, is_verified, avatar_blob, avatar_mime, status) VALUES ('211', 'mock_user_stress_dc64df6e@test.com', 'user_stress_dc64df6e@test.com', 'FIREBASE_AUTH', 'Stress User 68', 'client', '11937849845', NULL, '2026-01-28T22:09:40.000Z', 0, NULL, NULL, 'active');
INSERT INTO users (id, firebase_uid, email, password_hash, full_name, role, phone, avatar_url, created_at, is_verified, avatar_blob, avatar_mime, status) VALUES ('212', 'mock_user_stress_82098e91@test.com', 'user_stress_82098e91@test.com', 'FIREBASE_AUTH', 'Stress User 74', 'client', '11921251051', NULL, '2026-01-28T22:09:40.000Z', 0, NULL, NULL, 'active');
INSERT INTO users (id, firebase_uid, email, password_hash, full_name, role, phone, avatar_url, created_at, is_verified, avatar_blob, avatar_mime, status) VALUES ('213', 'mock_user_stress_de957262@test.com', 'user_stress_de957262@test.com', 'FIREBASE_AUTH', 'Stress User 75', 'client', '11954041372', NULL, '2026-01-28T22:09:40.000Z', 0, NULL, NULL, 'active');
INSERT INTO users (id, firebase_uid, email, password_hash, full_name, role, phone, avatar_url, created_at, is_verified, avatar_blob, avatar_mime, status) VALUES ('214', 'mock_user_stress_11d84432@test.com', 'user_stress_11d84432@test.com', 'FIREBASE_AUTH', 'Stress User 76', 'client', '11946306309', NULL, '2026-01-28T22:09:40.000Z', 0, NULL, NULL, 'active');
INSERT INTO users (id, firebase_uid, email, password_hash, full_name, role, phone, avatar_url, created_at, is_verified, avatar_blob, avatar_mime, status) VALUES ('215', 'mock_user_stress_0e2d02f8@test.com', 'user_stress_0e2d02f8@test.com', 'FIREBASE_AUTH', 'Stress User 78', 'client', '11977461897', NULL, '2026-01-28T22:09:40.000Z', 0, NULL, NULL, 'active');
INSERT INTO users (id, firebase_uid, email, password_hash, full_name, role, phone, avatar_url, created_at, is_verified, avatar_blob, avatar_mime, status) VALUES ('216', 'mock_user_stress_4c99e771@test.com', 'user_stress_4c99e771@test.com', 'FIREBASE_AUTH', 'Stress User 61', 'client', '11924714278', NULL, '2026-01-28T22:09:40.000Z', 0, NULL, NULL, 'active');
INSERT INTO users (id, firebase_uid, email, password_hash, full_name, role, phone, avatar_url, created_at, is_verified, avatar_blob, avatar_mime, status) VALUES ('217', 'mock_user_stress_0967514e@test.com', 'user_stress_0967514e@test.com', 'FIREBASE_AUTH', 'Stress User 65', 'client', '11940959698', NULL, '2026-01-28T22:09:40.000Z', 0, NULL, NULL, 'active');
INSERT INTO users (id, firebase_uid, email, password_hash, full_name, role, phone, avatar_url, created_at, is_verified, avatar_blob, avatar_mime, status) VALUES ('218', 'mock_user_stress_f2d8f294@test.com', 'user_stress_f2d8f294@test.com', 'FIREBASE_AUTH', 'Stress User 77', 'client', '11936009593', NULL, '2026-01-28T22:09:40.000Z', 0, NULL, NULL, 'active');
INSERT INTO users (id, firebase_uid, email, password_hash, full_name, role, phone, avatar_url, created_at, is_verified, avatar_blob, avatar_mime, status) VALUES ('219', 'mock_user_stress_9d3ae399@test.com', 'user_stress_9d3ae399@test.com', 'FIREBASE_AUTH', 'Stress User 79', 'client', '1191801486', NULL, '2026-01-28T22:09:42.000Z', 0, NULL, NULL, 'active');
INSERT INTO users (id, firebase_uid, email, password_hash, full_name, role, phone, avatar_url, created_at, is_verified, avatar_blob, avatar_mime, status) VALUES ('220', 'mock_user_stress_64831ee8@test.com', 'user_stress_64831ee8@test.com', 'FIREBASE_AUTH', 'Stress User 80', 'client', '11922376119', NULL, '2026-01-28T22:09:48.000Z', 0, NULL, NULL, 'active');
INSERT INTO users (id, firebase_uid, email, password_hash, full_name, role, phone, avatar_url, created_at, is_verified, avatar_blob, avatar_mime, status) VALUES ('221', 'mock_user_stress_9756974d@test.com', 'user_stress_9756974d@test.com', 'FIREBASE_AUTH', 'Stress User 86', 'client', '11916698508', NULL, '2026-01-28T22:09:48.000Z', 0, NULL, NULL, 'active');
INSERT INTO users (id, firebase_uid, email, password_hash, full_name, role, phone, avatar_url, created_at, is_verified, avatar_blob, avatar_mime, status) VALUES ('222', 'mock_user_stress_e8cc8736@test.com', 'user_stress_e8cc8736@test.com', 'FIREBASE_AUTH', 'Stress User 85', 'client', '1199455127', NULL, '2026-01-28T22:09:48.000Z', 0, NULL, NULL, 'active');
INSERT INTO users (id, firebase_uid, email, password_hash, full_name, role, phone, avatar_url, created_at, is_verified, avatar_blob, avatar_mime, status) VALUES ('223', 'mock_user_stress_d5c07010@test.com', 'user_stress_d5c07010@test.com', 'FIREBASE_AUTH', 'Stress User 88', 'client', '11928985639', NULL, '2026-01-28T22:09:48.000Z', 0, NULL, NULL, 'active');
INSERT INTO users (id, firebase_uid, email, password_hash, full_name, role, phone, avatar_url, created_at, is_verified, avatar_blob, avatar_mime, status) VALUES ('228', 'mock_user_stress_18420546@test.com', 'user_stress_18420546@test.com', 'FIREBASE_AUTH', 'Stress User 82', 'client', '11985748039', NULL, '2026-01-28T22:09:49.000Z', 0, NULL, NULL, 'active');
INSERT INTO users (id, firebase_uid, email, password_hash, full_name, role, phone, avatar_url, created_at, is_verified, avatar_blob, avatar_mime, status) VALUES ('238', 'mock_provider_stress_aa6378f0@test.com', 'provider_stress_aa6378f0@test.com', 'FIREBASE_AUTH', 'Stress Provider 6', 'provider', '11956208204', NULL, '2026-01-28T22:09:56.000Z', 0, NULL, NULL, 'active');
INSERT INTO users (id, firebase_uid, email, password_hash, full_name, role, phone, avatar_url, created_at, is_verified, avatar_blob, avatar_mime, status) VALUES ('224', 'mock_user_stress_719cf97f@test.com', 'user_stress_719cf97f@test.com', 'FIREBASE_AUTH', 'Stress User 81', 'client', '1192760055', NULL, '2026-01-28T22:09:48.000Z', 0, NULL, NULL, 'active');
INSERT INTO users (id, firebase_uid, email, password_hash, full_name, role, phone, avatar_url, created_at, is_verified, avatar_blob, avatar_mime, status) VALUES ('231', 'mock_user_stress_4ce1a65c@test.com', 'user_stress_4ce1a65c@test.com', 'FIREBASE_AUTH', 'Stress User 89', 'client', '11919323429', NULL, '2026-01-28T22:09:49.000Z', 0, NULL, NULL, 'active');
INSERT INTO users (id, firebase_uid, email, password_hash, full_name, role, phone, avatar_url, created_at, is_verified, avatar_blob, avatar_mime, status) VALUES ('245', 'mock_provider_stress_a33c4b24@test.com', 'provider_stress_a33c4b24@test.com', 'FIREBASE_AUTH', 'Stress Provider 7', 'provider', '11982903497', NULL, '2026-01-28T22:09:56.000Z', 0, NULL, NULL, 'active');
INSERT INTO users (id, firebase_uid, email, password_hash, full_name, role, phone, avatar_url, created_at, is_verified, avatar_blob, avatar_mime, status) VALUES ('225', 'mock_user_stress_540456d3@test.com', 'user_stress_540456d3@test.com', 'FIREBASE_AUTH', 'Stress User 84', 'client', '11933946745', NULL, '2026-01-28T22:09:48.000Z', 0, NULL, NULL, 'active');
INSERT INTO users (id, firebase_uid, email, password_hash, full_name, role, phone, avatar_url, created_at, is_verified, avatar_blob, avatar_mime, status) VALUES ('229', 'mock_user_stress_04839ec5@test.com', 'user_stress_04839ec5@test.com', 'FIREBASE_AUTH', 'Stress User 90', 'client', '11981040748', NULL, '2026-01-28T22:09:49.000Z', 0, NULL, NULL, 'active');
INSERT INTO users (id, firebase_uid, email, password_hash, full_name, role, phone, avatar_url, created_at, is_verified, avatar_blob, avatar_mime, status) VALUES ('237', 'mock_user_stress_f80e7590@test.com', 'user_stress_f80e7590@test.com', 'FIREBASE_AUTH', 'Stress User 99', 'client', '11926669886', NULL, '2026-01-28T22:09:51.000Z', 0, NULL, NULL, 'active');
INSERT INTO users (id, firebase_uid, email, password_hash, full_name, role, phone, avatar_url, created_at, is_verified, avatar_blob, avatar_mime, status) VALUES ('242', 'mock_provider_stress_dc1effcf@test.com', 'provider_stress_dc1effcf@test.com', 'FIREBASE_AUTH', 'Stress Provider 5', 'provider', '11916237010', NULL, '2026-01-28T22:09:56.000Z', 0, NULL, NULL, 'active');
INSERT INTO users (id, firebase_uid, email, password_hash, full_name, role, phone, avatar_url, created_at, is_verified, avatar_blob, avatar_mime, status) VALUES ('226', 'mock_user_stress_c24967d8@test.com', 'user_stress_c24967d8@test.com', 'FIREBASE_AUTH', 'Stress User 83', 'client', '11982154739', NULL, '2026-01-28T22:09:48.000Z', 0, NULL, NULL, 'active');
INSERT INTO users (id, firebase_uid, email, password_hash, full_name, role, phone, avatar_url, created_at, is_verified, avatar_blob, avatar_mime, status) VALUES ('227', 'mock_user_stress_9e1076ce@test.com', 'user_stress_9e1076ce@test.com', 'FIREBASE_AUTH', 'Stress User 87', 'client', '11976602267', NULL, '2026-01-28T22:09:49.000Z', 0, NULL, NULL, 'active');
INSERT INTO users (id, firebase_uid, email, password_hash, full_name, role, phone, avatar_url, created_at, is_verified, avatar_blob, avatar_mime, status) VALUES ('240', 'mock_provider_stress_7d3c73a4@test.com', 'provider_stress_7d3c73a4@test.com', 'FIREBASE_AUTH', 'Stress Provider 4', 'provider', '11937410593', NULL, '2026-01-28T22:09:56.000Z', 0, NULL, NULL, 'active');
INSERT INTO users (id, firebase_uid, email, password_hash, full_name, role, phone, avatar_url, created_at, is_verified, avatar_blob, avatar_mime, status) VALUES ('230', 'mock_user_stress_9b4a8c15@test.com', 'user_stress_9b4a8c15@test.com', 'FIREBASE_AUTH', 'Stress User 94', 'client', '11921985819', NULL, '2026-01-28T22:09:49.000Z', 0, NULL, NULL, 'active');
INSERT INTO users (id, firebase_uid, email, password_hash, full_name, role, phone, avatar_url, created_at, is_verified, avatar_blob, avatar_mime, status) VALUES ('244', 'mock_provider_stress_89a1487e@test.com', 'provider_stress_89a1487e@test.com', 'FIREBASE_AUTH', 'Stress Provider 2', 'provider', '11922025449', NULL, '2026-01-28T22:09:56.000Z', 0, NULL, NULL, 'active');
INSERT INTO users (id, firebase_uid, email, password_hash, full_name, role, phone, avatar_url, created_at, is_verified, avatar_blob, avatar_mime, status) VALUES ('232', 'mock_user_stress_2cb5bbc3@test.com', 'user_stress_2cb5bbc3@test.com', 'FIREBASE_AUTH', 'Stress User 93', 'client', '11912353516', NULL, '2026-01-28T22:09:49.000Z', 0, NULL, NULL, 'active');
INSERT INTO users (id, firebase_uid, email, password_hash, full_name, role, phone, avatar_url, created_at, is_verified, avatar_blob, avatar_mime, status) VALUES ('241', 'mock_provider_stress_252e649f@test.com', 'provider_stress_252e649f@test.com', 'FIREBASE_AUTH', 'Stress Provider 1', 'provider', '11974471341', NULL, '2026-01-28T22:09:56.000Z', 0, NULL, NULL, 'active');
INSERT INTO users (id, firebase_uid, email, password_hash, full_name, role, phone, avatar_url, created_at, is_verified, avatar_blob, avatar_mime, status) VALUES ('233', 'mock_user_stress_a715e591@test.com', 'user_stress_a715e591@test.com', 'FIREBASE_AUTH', 'Stress User 95', 'client', '11961267849', NULL, '2026-01-28T22:09:49.000Z', 0, NULL, NULL, 'active');
INSERT INTO users (id, firebase_uid, email, password_hash, full_name, role, phone, avatar_url, created_at, is_verified, avatar_blob, avatar_mime, status) VALUES ('239', 'mock_provider_stress_4eac4b77@test.com', 'provider_stress_4eac4b77@test.com', 'FIREBASE_AUTH', 'Stress Provider 0', 'provider', '1199945116', NULL, '2026-01-28T22:09:56.000Z', 0, NULL, NULL, 'active');
INSERT INTO users (id, firebase_uid, email, password_hash, full_name, role, phone, avatar_url, created_at, is_verified, avatar_blob, avatar_mime, status) VALUES ('234', 'mock_user_stress_fc30aa95@test.com', 'user_stress_fc30aa95@test.com', 'FIREBASE_AUTH', 'Stress User 91', 'client', '11910379921', NULL, '2026-01-28T22:09:49.000Z', 0, NULL, NULL, 'active');
INSERT INTO users (id, firebase_uid, email, password_hash, full_name, role, phone, avatar_url, created_at, is_verified, avatar_blob, avatar_mime, status) VALUES ('246', 'mock_provider_stress_fb0540e8@test.com', 'provider_stress_fb0540e8@test.com', 'FIREBASE_AUTH', 'Stress Provider 8', 'provider', '11985988146', NULL, '2026-01-28T22:09:57.000Z', 0, NULL, NULL, 'active');
INSERT INTO users (id, firebase_uid, email, password_hash, full_name, role, phone, avatar_url, created_at, is_verified, avatar_blob, avatar_mime, status) VALUES ('235', 'mock_user_stress_8a808486@test.com', 'user_stress_8a808486@test.com', 'FIREBASE_AUTH', 'Stress User 92', 'client', '1197781538', NULL, '2026-01-28T22:09:50.000Z', 0, NULL, NULL, 'active');
INSERT INTO users (id, firebase_uid, email, password_hash, full_name, role, phone, avatar_url, created_at, is_verified, avatar_blob, avatar_mime, status) VALUES ('236', 'mock_user_stress_ef46cea0@test.com', 'user_stress_ef46cea0@test.com', 'FIREBASE_AUTH', 'Stress User 98', 'client', '11958894683', NULL, '2026-01-28T22:09:51.000Z', 0, NULL, NULL, 'active');
INSERT INTO users (id, firebase_uid, email, password_hash, full_name, role, phone, avatar_url, created_at, is_verified, avatar_blob, avatar_mime, status) VALUES ('243', 'mock_provider_stress_dbc788c1@test.com', 'provider_stress_dbc788c1@test.com', 'FIREBASE_AUTH', 'Stress Provider 3', 'provider', '11941192065', NULL, '2026-01-28T22:09:56.000Z', 0, NULL, NULL, 'active');
INSERT INTO users (id, firebase_uid, email, password_hash, full_name, role, phone, avatar_url, created_at, is_verified, avatar_blob, avatar_mime, status) VALUES ('247', 'mock_provider_stress_c9d1d026@test.com', 'provider_stress_c9d1d026@test.com', 'FIREBASE_AUTH', 'Stress Provider 9', 'provider', '11917588211', NULL, '2026-01-28T22:09:57.000Z', 0, NULL, NULL, 'active');
INSERT INTO users (id, firebase_uid, email, password_hash, full_name, role, phone, avatar_url, created_at, is_verified, avatar_blob, avatar_mime, status) VALUES ('248', 'test_uid_1769648337730', 'ai_tester_981@test.com', 'FIREBASE_AUTH', 'AI Tester', 'client', '', NULL, '2026-01-29T03:58:58.000Z', 0, NULL, NULL, 'active');
INSERT INTO users (id, firebase_uid, email, password_hash, full_name, role, phone, avatar_url, created_at, is_verified, avatar_blob, avatar_mime, status) VALUES ('249', 'test_uid_1769648974926', 'ai_tester_869@test.com', 'FIREBASE_AUTH', 'AI Tester', 'client', '', NULL, '2026-01-29T04:09:35.000Z', 0, NULL, NULL, 'active');
INSERT INTO users (id, firebase_uid, email, password_hash, full_name, role, phone, avatar_url, created_at, is_verified, avatar_blob, avatar_mime, status) VALUES ('250', 'test_uid_1769649009723', 'ai_tester_129@test.com', 'FIREBASE_AUTH', 'AI Tester', 'client', '', NULL, '2026-01-29T04:10:10.000Z', 0, NULL, NULL, 'active');
INSERT INTO users (id, firebase_uid, email, password_hash, full_name, role, phone, avatar_url, created_at, is_verified, avatar_blob, avatar_mime, status) VALUES ('251', 'test_uid_1769649217484', 'ai_tester_381@test.com', 'FIREBASE_AUTH', 'AI Tester', 'client', '', NULL, '2026-01-29T04:13:38.000Z', 0, NULL, NULL, 'active');

DELETE FROM categories;
DELETE FROM professions;
INSERT INTO professions (id, name, category_id, icon, keywords, search_vector, popularity_score, service_type) VALUES (3728, 'Eletricista', 2, NULL, 'elétrica,fiação,tomada,disjuntor,chuveiro,luz,instalação elétrica', NULL, 0, 'on_site');
INSERT INTO professions (id, name, category_id, icon, keywords, search_vector, popularity_score, service_type) VALUES (3729, 'Encanador', NULL, NULL, 'hidráulica,cano,vazamento,torneira,caixa d''água,esgoto,bombeiro hidráulico', NULL, 0, 'on_site');
INSERT INTO professions (id, name, category_id, icon, keywords, search_vector, popularity_score, service_type) VALUES (3730, 'Pintor', 3, NULL, 'pintura,parede,tinta,acabamento,textura,massa corrida', NULL, 0, 'on_site');
INSERT INTO professions (id, name, category_id, icon, keywords, search_vector, popularity_score, service_type) VALUES (3731, 'Pedreiro', 6, NULL, 'construção,reforma,obras,pedreiro,alvenaria,telhadista,azulejista,mestre de obras', NULL, 0, 'on_site');
INSERT INTO professions (id, name, category_id, icon, keywords, search_vector, popularity_score, service_type) VALUES (3732, 'Carpinteiro', 4, NULL, 'madeira,móveis,portas,reforma,carpinteiro,montador de móveis,marceneiro,deck', NULL, 0, 'on_site');
INSERT INTO professions (id, name, category_id, icon, keywords, search_vector, popularity_score, service_type) VALUES (3735, 'Vidraceiro', NULL, NULL, 'vidro,janela,box,espelho,cortina de vidro,fechamento de varanda', NULL, 0, 'on_site');
INSERT INTO professions (id, name, category_id, icon, keywords, search_vector, popularity_score, service_type) VALUES (3736, 'Chaveiro', 5, NULL, 'chaves,fechadura,abertura,codificação,segurança,cadeado,chaveiro 24h', NULL, 0, 'on_site');
INSERT INTO professions (id, name, category_id, icon, keywords, search_vector, popularity_score, service_type) VALUES (3737, 'Gesseiro', 5, NULL, 'gesso,drywall,sanca,forro,moldura,parede,reforma', NULL, 0, 'on_site');
INSERT INTO professions (id, name, category_id, icon, keywords, search_vector, popularity_score, service_type) VALUES (3740, 'Serralheiro', 5, NULL, 'ferro,portão,grade,solda,estrutura metálica,alumínio', NULL, 0, 'on_site');
INSERT INTO professions (id, name, category_id, icon, keywords, search_vector, popularity_score, service_type) VALUES (3742, 'Diarista', 6, NULL, 'limpeza,faxina,casa,organização,passar roupa,cozinhar', NULL, 0, 'on_site');
INSERT INTO professions (id, name, category_id, icon, keywords, search_vector, popularity_score, service_type) VALUES (3744, 'Técnico de Refrigeração', 5, NULL, 'ar condicionado,refrigeração,climatização,split,manutenção,instalação de ar,geladeira,freezer', NULL, 0, 'on_site');
INSERT INTO professions (id, name, category_id, icon, keywords, search_vector, popularity_score, service_type) VALUES (4187, 'Fisioterapeuta', NULL, NULL, 'fisioterapia,reabilitação,massagem,dor,coluna,pilates', NULL, 0, 'at_provider');
INSERT INTO professions (id, name, category_id, icon, keywords, search_vector, popularity_score, service_type) VALUES (4189, 'Nutricionista', NULL, NULL, 'dieta,alimentação,saúde,emagrecimento,nutrição', NULL, 0, 'at_provider');
INSERT INTO professions (id, name, category_id, icon, keywords, search_vector, popularity_score, service_type) VALUES (4190, 'Psicólogo', NULL, NULL, 'terapia,saúde mental,ansiedade,depressão,acompanhamento', NULL, 0, 'at_provider');
INSERT INTO professions (id, name, category_id, icon, keywords, search_vector, popularity_score, service_type) VALUES (4196, 'Barbeiro', NULL, NULL, 'cabelo,barba,bigode,corte masculino,degradê', NULL, 0, 'at_provider');
INSERT INTO professions (id, name, category_id, icon, keywords, search_vector, popularity_score, service_type) VALUES (4202, 'Cabeleireiro', NULL, NULL, 'cabelo,corte,pintura,mechas,escova,progressiva,cabelereira', NULL, 0, 'at_provider');
INSERT INTO professions (id, name, category_id, icon, keywords, search_vector, popularity_score, service_type) VALUES (4220, 'Esteticista', NULL, NULL, 'pele,limpeza de pele,massagem,drenagem,depilação,sobrancelha', NULL, 0, 'at_provider');
INSERT INTO professions (id, name, category_id, icon, keywords, search_vector, popularity_score, service_type) VALUES (4242, 'Jardinagem', NULL, NULL, 'jardim,grama,poda,plantas,paisagismo,corte de grama', NULL, 0, 'on_site');
INSERT INTO professions (id, name, category_id, icon, keywords, search_vector, popularity_score, service_type) VALUES (4248, 'Maquiadora', NULL, NULL, 'maquiagem,makeup,festa,noiva,social,beleza,makeup artist', NULL, 0, 'at_provider');
INSERT INTO professions (id, name, category_id, icon, keywords, search_vector, popularity_score, service_type) VALUES (4249, 'Médico', NULL, NULL, 'saúde,consulta,doença,exame,clínico geral,pediatra,cardiologista', NULL, 0, 'at_provider');
INSERT INTO professions (id, name, category_id, icon, keywords, search_vector, popularity_score, service_type) VALUES (4253, 'Dentista', NULL, NULL, 'dente,odontologia,boca,clareamento,aparelho,canal,extração', NULL, 0, 'at_provider');
INSERT INTO professions (id, name, category_id, icon, keywords, search_vector, popularity_score, service_type) VALUES (4254, 'Enfermeiro', NULL, NULL, 'enfermagem,cuidados,curativo,injeção,home care,idosos', NULL, 0, 'on_site');
INSERT INTO professions (id, name, category_id, icon, keywords, search_vector, popularity_score, service_type) VALUES (4273, 'segurança privado', 9, NULL, '', NULL, 0, 'on_site');
INSERT INTO professions (id, name, category_id, icon, keywords, search_vector, popularity_score, service_type) VALUES (4274, 'segurnaça privada', 9, NULL, '', NULL, 0, 'on_site');
INSERT INTO professions (id, name, category_id, icon, keywords, search_vector, popularity_score, service_type) VALUES (4275, 'Técnico de Fogão de Gás', NULL, NULL, '', NULL, 0, 'on_site');
INSERT INTO professions (id, name, category_id, icon, keywords, search_vector, popularity_score, service_type) VALUES (4278, 'Motorista particular', NULL, NULL, '', NULL, 0, 'on_site');
INSERT INTO professions (id, name, category_id, icon, keywords, search_vector, popularity_score, service_type) VALUES (4279, 'Montador de Imóveis', NULL, NULL, '', NULL, 0, 'on_site');
INSERT INTO professions (id, name, category_id, icon, keywords, search_vector, popularity_score, service_type) VALUES (4280, 'Design de Sobrancelhas', NULL, NULL, '', NULL, 0, 'on_site');
INSERT INTO professions (id, name, category_id, icon, keywords, search_vector, popularity_score, service_type) VALUES (4282, 'Técnico de segurança eletrônica', NULL, NULL, '', NULL, 0, 'on_site');
INSERT INTO professions (id, name, category_id, icon, keywords, search_vector, popularity_score, service_type) VALUES (4283, 'Borracheiro', NULL, NULL, 'pneu,roda,estepe,furado,remendo,vulcanização,balanceamento', NULL, 0, 'on_site');
INSERT INTO professions (id, name, category_id, icon, keywords, search_vector, popularity_score, service_type) VALUES (4284, 'Cilios', NULL, NULL, '', NULL, 0, 'on_site');
INSERT INTO professions (id, name, category_id, icon, keywords, search_vector, popularity_score, service_type) VALUES (4285, 'Mecânico', NULL, NULL, 'carro,motor,freio,suspensão,óleo,bateria,alinhamento,mecânica', NULL, 0, 'on_site');
INSERT INTO professions (id, name, category_id, icon, keywords, search_vector, popularity_score, service_type) VALUES (4287, 'Técnico de Informática', NULL, NULL, 'notebook,computador,windows,formatação,wi-fi,impressora,software,ti', NULL, 0, 'on_site');
INSERT INTO professions (id, name, category_id, icon, keywords, search_vector, popularity_score, service_type) VALUES (4288, 'Personal Trainer', NULL, NULL, 'academia,treino,fitness,saúde,emagrecimento,musculação,dieta,personal', NULL, 0, 'on_site');
INSERT INTO professions (id, name, category_id, icon, keywords, search_vector, popularity_score, service_type) VALUES (4290, 'Pet Shop', NULL, NULL, 'cachorro,gato,banho,tosa,pet,animal,adestramento,veterinário', NULL, 0, 'at_provider');
INSERT INTO professions (id, name, category_id, icon, keywords, search_vector, popularity_score, service_type) VALUES (4291, 'Fretes e Mudanças', NULL, NULL, 'mudança,carreto,transporte,caminhão,frete,entrega', NULL, 0, 'on_site');
INSERT INTO professions (id, name, category_id, icon, keywords, search_vector, popularity_score, service_type) VALUES (4293, 'Manicure', 7, 'hand', '', NULL, 0, 'on_site');

DELETE FROM service_categories;
INSERT INTO service_categories (id, name, icon_slug) VALUES (1, 'Manutenção e Reparos', 'wrench');
INSERT INTO service_categories (id, name, icon_slug) VALUES (2, 'Limpeza e Diaristas', 'sparkles');
INSERT INTO service_categories (id, name, icon_slug) VALUES (3, 'Reformas e Obras', 'hammer');
INSERT INTO service_categories (id, name, icon_slug) VALUES (4, 'Instalação Técnica', 'settings');
INSERT INTO service_categories (id, name, icon_slug) VALUES (5, 'Automotivo', 'car');
INSERT INTO service_categories (id, name, icon_slug) VALUES (6, 'Tecnologia', 'laptop');
INSERT INTO service_categories (id, name, icon_slug) VALUES (7, 'Beleza e Bem-estar', 'smile');
INSERT INTO service_categories (id, name, icon_slug) VALUES (8, 'Serviços Domésticos', 'home');
INSERT INTO service_categories (id, name, icon_slug) VALUES (9, 'Outros', 'box');
INSERT INTO service_categories (id, name, icon_slug) VALUES (30, '9934c260-6af4-4416-9ceb-e72e08d135af', '832');

DELETE FROM providers;
INSERT INTO providers (user_id, bio, address, rating_avg, rating_count, wallet_balance, latitude, longitude, is_online, document_type, document_value, commercial_name) VALUES ('528', NULL, NULL, '0.00', 0, '0.00', NULL, NULL, 0, NULL, NULL, 'lima redormas ');
INSERT INTO providers (user_id, bio, address, rating_avg, rating_count, wallet_balance, latitude, longitude, is_online, document_type, document_value, commercial_name) VALUES ('531', 'Fake Provider', NULL, '0.00', 0, '0.00', NULL, NULL, 0, NULL, NULL, NULL);
INSERT INTO providers (user_id, bio, address, rating_avg, rating_count, wallet_balance, latitude, longitude, is_online, document_type, document_value, commercial_name) VALUES ('834', NULL, NULL, '0.00', 0, '0.00', NULL, NULL, 0, NULL, NULL, NULL);
INSERT INTO providers (user_id, bio, address, rating_avg, rating_count, wallet_balance, latitude, longitude, is_online, document_type, document_value, commercial_name) VALUES ('850', NULL, NULL, '0.00', 0, '0.00', NULL, NULL, 0, NULL, NULL, NULL);
INSERT INTO providers (user_id, bio, address, rating_avg, rating_count, wallet_balance, latitude, longitude, is_online, document_type, document_value, commercial_name) VALUES ('852', NULL, NULL, '0.00', 0, '0.00', NULL, NULL, 0, NULL, NULL, NULL);
INSERT INTO providers (user_id, bio, address, rating_avg, rating_count, wallet_balance, latitude, longitude, is_online, document_type, document_value, commercial_name) VALUES ('854', NULL, NULL, '0.00', 0, '0.00', NULL, NULL, 0, NULL, NULL, NULL);
INSERT INTO providers (user_id, bio, address, rating_avg, rating_count, wallet_balance, latitude, longitude, is_online, document_type, document_value, commercial_name) VALUES ('856', NULL, NULL, '0.00', 0, '0.00', NULL, NULL, 0, NULL, NULL, NULL);
INSERT INTO providers (user_id, bio, address, rating_avg, rating_count, wallet_balance, latitude, longitude, is_online, document_type, document_value, commercial_name) VALUES ('858', NULL, NULL, '0.00', 0, '0.00', NULL, NULL, 0, NULL, NULL, NULL);
INSERT INTO providers (user_id, bio, address, rating_avg, rating_count, wallet_balance, latitude, longitude, is_online, document_type, document_value, commercial_name) VALUES ('860', NULL, NULL, '0.00', 0, '0.00', NULL, NULL, 0, NULL, NULL, NULL);
INSERT INTO providers (user_id, bio, address, rating_avg, rating_count, wallet_balance, latitude, longitude, is_online, document_type, document_value, commercial_name) VALUES ('862', NULL, NULL, '0.00', 0, '0.00', NULL, NULL, 0, NULL, NULL, NULL);
INSERT INTO providers (user_id, bio, address, rating_avg, rating_count, wallet_balance, latitude, longitude, is_online, document_type, document_value, commercial_name) VALUES ('864', NULL, NULL, '0.00', 0, '0.00', NULL, NULL, 0, NULL, NULL, NULL);
INSERT INTO providers (user_id, bio, address, rating_avg, rating_count, wallet_balance, latitude, longitude, is_online, document_type, document_value, commercial_name) VALUES ('866', NULL, NULL, '0.00', 0, '0.00', NULL, NULL, 0, NULL, NULL, NULL);
INSERT INTO providers (user_id, bio, address, rating_avg, rating_count, wallet_balance, latitude, longitude, is_online, document_type, document_value, commercial_name) VALUES ('868', NULL, NULL, '0.00', 0, '0.00', NULL, NULL, 0, NULL, NULL, NULL);
INSERT INTO providers (user_id, bio, address, rating_avg, rating_count, wallet_balance, latitude, longitude, is_online, document_type, document_value, commercial_name) VALUES ('870', NULL, NULL, '0.00', 0, '0.00', NULL, NULL, 0, NULL, NULL, NULL);
INSERT INTO providers (user_id, bio, address, rating_avg, rating_count, wallet_balance, latitude, longitude, is_online, document_type, document_value, commercial_name) VALUES ('872', NULL, NULL, '0.00', 0, '0.00', NULL, NULL, 0, NULL, NULL, NULL);
INSERT INTO providers (user_id, bio, address, rating_avg, rating_count, wallet_balance, latitude, longitude, is_online, document_type, document_value, commercial_name) VALUES ('874', NULL, NULL, '0.00', 0, '0.00', NULL, NULL, 0, NULL, NULL, NULL);
INSERT INTO providers (user_id, bio, address, rating_avg, rating_count, wallet_balance, latitude, longitude, is_online, document_type, document_value, commercial_name) VALUES ('877', NULL, NULL, '0.00', 0, '0.00', NULL, NULL, 0, NULL, NULL, NULL);
INSERT INTO providers (user_id, bio, address, rating_avg, rating_count, wallet_balance, latitude, longitude, is_online, document_type, document_value, commercial_name) VALUES ('832', 'Barbeiro Profissional em Imperatriz', 'Rua Antonio Nunes, 9 - Centro, Imperatriz - MA', '0.00', 0, '0.00', '-5.52000000', '-47.48000000', 1, NULL, NULL, 'barba ruiva');
INSERT INTO providers (user_id, bio, address, rating_avg, rating_count, wallet_balance, latitude, longitude, is_online, document_type, document_value, commercial_name) VALUES ('833', 'Corte Unissex e Barba', 'Rua Tocantins, 30 - Parque das Palmeiras, Imperatriz - MA', '0.00', 0, '0.00', '-5.52000000', '-47.48000000', 1, NULL, NULL, 'cabelo');
INSERT INTO providers (user_id, bio, address, rating_avg, rating_count, wallet_balance, latitude, longitude, is_online, document_type, document_value, commercial_name) VALUES ('849', NULL, 'Imperatriz - MA', '0.00', 0, '0.00', NULL, NULL, 1, NULL, NULL, 'Lucas cabelira');
INSERT INTO providers (user_id, bio, address, rating_avg, rating_count, wallet_balance, latitude, longitude, is_online, document_type, document_value, commercial_name) VALUES ('873', NULL, 'Rua João Walcacer de Oliveira, 16 - Parque das Palmeiras, Imperatriz - MA', '0.00', 0, '0.00', NULL, NULL, 1, NULL, NULL, 'stjwtnqf');
INSERT INTO providers (user_id, bio, address, rating_avg, rating_count, wallet_balance, latitude, longitude, is_online, document_type, document_value, commercial_name) VALUES ('878', 'Especialista em unhas e cuidados femininos', NULL, '0.00', 0, '0.00', NULL, NULL, 1, NULL, NULL, 'Ana Manicure & Nail Art');
INSERT INTO providers (user_id, bio, address, rating_avg, rating_count, wallet_balance, latitude, longitude, is_online, document_type, document_value, commercial_name) VALUES ('34', NULL, NULL, '0.00', 0, '0.00', NULL, NULL, 0, NULL, NULL, NULL);
INSERT INTO providers (user_id, bio, address, rating_avg, rating_count, wallet_balance, latitude, longitude, is_online, document_type, document_value, commercial_name) VALUES ('37', NULL, NULL, '0.00', 0, '0.00', NULL, NULL, 0, NULL, NULL, NULL);
INSERT INTO providers (user_id, bio, address, rating_avg, rating_count, wallet_balance, latitude, longitude, is_online, document_type, document_value, commercial_name) VALUES ('38', NULL, NULL, '0.00', 0, '0.00', NULL, NULL, 0, NULL, NULL, NULL);
INSERT INTO providers (user_id, bio, address, rating_avg, rating_count, wallet_balance, latitude, longitude, is_online, document_type, document_value, commercial_name) VALUES ('36', NULL, NULL, '0.00', 0, '0.00', NULL, NULL, 0, NULL, NULL, NULL);
INSERT INTO providers (user_id, bio, address, rating_avg, rating_count, wallet_balance, latitude, longitude, is_online, document_type, document_value, commercial_name) VALUES ('35', NULL, NULL, '0.00', 0, '0.00', NULL, NULL, 0, NULL, NULL, NULL);
INSERT INTO providers (user_id, bio, address, rating_avg, rating_count, wallet_balance, latitude, longitude, is_online, document_type, document_value, commercial_name) VALUES ('40', NULL, NULL, '0.00', 0, '0.00', NULL, NULL, 0, NULL, NULL, NULL);
INSERT INTO providers (user_id, bio, address, rating_avg, rating_count, wallet_balance, latitude, longitude, is_online, document_type, document_value, commercial_name) VALUES ('136', NULL, NULL, '0.00', 0, '0.00', NULL, NULL, 0, NULL, NULL, NULL);
INSERT INTO providers (user_id, bio, address, rating_avg, rating_count, wallet_balance, latitude, longitude, is_online, document_type, document_value, commercial_name) VALUES ('142', NULL, NULL, '0.00', 0, '0.00', NULL, NULL, 0, NULL, NULL, NULL);
INSERT INTO providers (user_id, bio, address, rating_avg, rating_count, wallet_balance, latitude, longitude, is_online, document_type, document_value, commercial_name) VALUES ('139', NULL, NULL, '0.00', 0, '0.00', NULL, NULL, 0, NULL, NULL, NULL);
INSERT INTO providers (user_id, bio, address, rating_avg, rating_count, wallet_balance, latitude, longitude, is_online, document_type, document_value, commercial_name) VALUES ('137', NULL, NULL, '0.00', 0, '0.00', NULL, NULL, 0, NULL, NULL, NULL);
INSERT INTO providers (user_id, bio, address, rating_avg, rating_count, wallet_balance, latitude, longitude, is_online, document_type, document_value, commercial_name) VALUES ('141', NULL, NULL, '0.00', 0, '0.00', NULL, NULL, 0, NULL, NULL, NULL);
INSERT INTO providers (user_id, bio, address, rating_avg, rating_count, wallet_balance, latitude, longitude, is_online, document_type, document_value, commercial_name) VALUES ('144', NULL, NULL, '0.00', 0, '0.00', NULL, NULL, 0, NULL, NULL, NULL);
INSERT INTO providers (user_id, bio, address, rating_avg, rating_count, wallet_balance, latitude, longitude, is_online, document_type, document_value, commercial_name) VALUES ('145', NULL, NULL, '0.00', 0, '0.00', NULL, NULL, 0, NULL, NULL, NULL);
INSERT INTO providers (user_id, bio, address, rating_avg, rating_count, wallet_balance, latitude, longitude, is_online, document_type, document_value, commercial_name) VALUES ('240', NULL, NULL, '0.00', 0, '0.00', NULL, NULL, 0, NULL, NULL, NULL);
INSERT INTO providers (user_id, bio, address, rating_avg, rating_count, wallet_balance, latitude, longitude, is_online, document_type, document_value, commercial_name) VALUES ('238', NULL, NULL, '0.00', 0, '0.00', NULL, NULL, 0, NULL, NULL, NULL);
INSERT INTO providers (user_id, bio, address, rating_avg, rating_count, wallet_balance, latitude, longitude, is_online, document_type, document_value, commercial_name) VALUES ('239', NULL, NULL, '0.00', 0, '0.00', NULL, NULL, 0, NULL, NULL, NULL);
INSERT INTO providers (user_id, bio, address, rating_avg, rating_count, wallet_balance, latitude, longitude, is_online, document_type, document_value, commercial_name) VALUES ('241', NULL, NULL, '0.00', 0, '0.00', NULL, NULL, 0, NULL, NULL, NULL);
INSERT INTO providers (user_id, bio, address, rating_avg, rating_count, wallet_balance, latitude, longitude, is_online, document_type, document_value, commercial_name) VALUES ('242', NULL, NULL, '0.00', 0, '0.00', NULL, NULL, 0, NULL, NULL, NULL);
INSERT INTO providers (user_id, bio, address, rating_avg, rating_count, wallet_balance, latitude, longitude, is_online, document_type, document_value, commercial_name) VALUES ('244', NULL, NULL, '0.00', 0, '0.00', NULL, NULL, 0, NULL, NULL, NULL);
INSERT INTO providers (user_id, bio, address, rating_avg, rating_count, wallet_balance, latitude, longitude, is_online, document_type, document_value, commercial_name) VALUES ('835', NULL, NULL, '4.00', 1, '38.25', NULL, NULL, 0, NULL, NULL, NULL);
INSERT INTO providers (user_id, bio, address, rating_avg, rating_count, wallet_balance, latitude, longitude, is_online, document_type, document_value, commercial_name) VALUES ('39', NULL, NULL, '0.00', 0, '0.00', NULL, NULL, 0, NULL, NULL, NULL);
INSERT INTO providers (user_id, bio, address, rating_avg, rating_count, wallet_balance, latitude, longitude, is_online, document_type, document_value, commercial_name) VALUES ('42', NULL, NULL, '0.00', 0, '0.00', NULL, NULL, 0, NULL, NULL, NULL);
INSERT INTO providers (user_id, bio, address, rating_avg, rating_count, wallet_balance, latitude, longitude, is_online, document_type, document_value, commercial_name) VALUES ('140', NULL, NULL, '0.00', 0, '0.00', NULL, NULL, 0, NULL, NULL, NULL);
INSERT INTO providers (user_id, bio, address, rating_avg, rating_count, wallet_balance, latitude, longitude, is_online, document_type, document_value, commercial_name) VALUES ('138', NULL, NULL, '0.00', 0, '0.00', NULL, NULL, 0, NULL, NULL, NULL);
INSERT INTO providers (user_id, bio, address, rating_avg, rating_count, wallet_balance, latitude, longitude, is_online, document_type, document_value, commercial_name) VALUES ('245', NULL, NULL, '0.00', 0, '0.00', NULL, NULL, 0, NULL, NULL, NULL);
INSERT INTO providers (user_id, bio, address, rating_avg, rating_count, wallet_balance, latitude, longitude, is_online, document_type, document_value, commercial_name) VALUES ('246', NULL, NULL, '0.00', 0, '0.00', NULL, NULL, 0, NULL, NULL, NULL);
INSERT INTO providers (user_id, bio, address, rating_avg, rating_count, wallet_balance, latitude, longitude, is_online, document_type, document_value, commercial_name) VALUES ('41', NULL, NULL, '0.00', 0, '0.00', NULL, NULL, 0, NULL, NULL, NULL);
INSERT INTO providers (user_id, bio, address, rating_avg, rating_count, wallet_balance, latitude, longitude, is_online, document_type, document_value, commercial_name) VALUES ('43', NULL, NULL, '0.00', 0, '0.00', NULL, NULL, 0, NULL, NULL, NULL);
INSERT INTO providers (user_id, bio, address, rating_avg, rating_count, wallet_balance, latitude, longitude, is_online, document_type, document_value, commercial_name) VALUES ('143', NULL, NULL, '0.00', 0, '0.00', NULL, NULL, 0, NULL, NULL, NULL);
INSERT INTO providers (user_id, bio, address, rating_avg, rating_count, wallet_balance, latitude, longitude, is_online, document_type, document_value, commercial_name) VALUES ('243', NULL, NULL, '0.00', 0, '0.00', NULL, NULL, 0, NULL, NULL, NULL);
INSERT INTO providers (user_id, bio, address, rating_avg, rating_count, wallet_balance, latitude, longitude, is_online, document_type, document_value, commercial_name) VALUES ('247', NULL, NULL, '0.00', 0, '0.00', NULL, NULL, 0, NULL, NULL, NULL);
INSERT INTO providers (user_id, bio, address, rating_avg, rating_count, wallet_balance, latitude, longitude, is_online, document_type, document_value, commercial_name) VALUES ('1', 'Encanamento', 'droplets', '0.00', 0, '0.00', NULL, NULL, 0, NULL, NULL, NULL);

DELETE FROM service_requests;
INSERT INTO service_requests (id, client_id, category_id, profession, provider_id, description, status, latitude, longitude, address, price_estimated, price_upfront, scheduled_at, created_at, location_type, arrived_at, payment_remaining_status, contest_reason, contest_status, contest_evidence, validation_code, proof_photo, proof_video, proof_code, status_updated_at, completed_at, completion_code, completion_requested_at, provider_amount) VALUES ('22bc7beb-97eb-4912-b1fe-0a19fc30a05d', '531', 1, 'Chaveiro', NULL, 'Serviço: Cópia de Chave Simples
quero  copia chave simples', 'pending', '-5.52372170', '-47.47617170', 'Avenida Dorgival Pinheiro de Sousa, 1425, Beira-Rio, Imperatriz, Maranhão', '15.00', '4.50', NULL, '2026-02-01T22:41:30.000Z', 'client', NULL, 'pending', NULL, 'none', NULL, NULL, NULL, NULL, NULL, '2026-02-01T22:41:30.000Z', NULL, NULL, NULL, NULL);

DELETE FROM service_tasks;
DELETE FROM provider_professions;
INSERT INTO provider_professions (provider_user_id, profession_id, fixed_price, hourly_rate) VALUES ('832', 4196, NULL, NULL);
INSERT INTO provider_professions (provider_user_id, profession_id, fixed_price, hourly_rate) VALUES ('833', 4196, NULL, NULL);
INSERT INTO provider_professions (provider_user_id, profession_id, fixed_price, hourly_rate) VALUES ('528', 3736, NULL, NULL);
INSERT INTO provider_professions (provider_user_id, profession_id, fixed_price, hourly_rate) VALUES ('528', 3744, NULL, NULL);
INSERT INTO provider_professions (provider_user_id, profession_id, fixed_price, hourly_rate) VALUES ('834', 3744, NULL, NULL);
INSERT INTO provider_professions (provider_user_id, profession_id, fixed_price, hourly_rate) VALUES ('835', 3736, NULL, NULL);
INSERT INTO provider_professions (provider_user_id, profession_id, fixed_price, hourly_rate) VALUES ('835', 3744, NULL, NULL);
INSERT INTO provider_professions (provider_user_id, profession_id, fixed_price, hourly_rate) VALUES ('849', 4196, NULL, NULL);
INSERT INTO provider_professions (provider_user_id, profession_id, fixed_price, hourly_rate) VALUES ('850', 4242, NULL, NULL);
INSERT INTO provider_professions (provider_user_id, profession_id, fixed_price, hourly_rate) VALUES ('873', 4196, NULL, NULL);
INSERT INTO provider_professions (provider_user_id, profession_id, fixed_price, hourly_rate) VALUES ('874', 3731, NULL, NULL);

DELETE FROM payments;
INSERT INTO payments (id, mission_id, proposal_id, user_id, provider_id, amount, currency, status, mp_preference_id, mp_payment_id, external_ref, created_at, updated_at, status_detail, payment_method_id, payer_email, collector_id, net_received, fee_amount, installments, card_last_four, order_id, refund_status, refund_amount, refunded_at, canceled_at, money_release_date) VALUES (47, '22bc7beb-97eb-4912-b1fe-0a19fc30a05d', NULL, 531, NULL, '4.50', 'BRL', 'approved', NULL, '829419', NULL, '2026-02-01T22:41:40.000Z', NULL, NULL, 'pix', 'usuario@exemplo.com', NULL, NULL, NULL, NULL, NULL, NULL, NULL, NULL, NULL, NULL, NULL);

DELETE FROM reviews;
PRAGMA defer_foreign_keys = OFF;
